playerID,yearID,teamID,lgID,G,AB,R,H,2B,3B,HR,RBI,SB,CS,BB,SO,IBB,HBP,SH,SF,GIDP
Aaron Judge,2024,NYY,AL,158,559,122,180,36,1,58,144,10,0,133,171,20,9,0,2,22
Shohei Ohtani*,2024,LAD,NL,158,632,134,196,38,7,54,130,58,4,81,162,10,6,0,5,7
Anthony Santander#,2024,BAL,AL,155,595,91,140,25,2,44,102,2,0,58,129,3,7,0,5,9
Juan Soto*,2024,NYY,AL,157,576,128,166,31,4,41,109,7,4,129,119,2,4,0,4,10
Marcell Ozuna,2024,ATL,NL,159,594,96,182,31,0,39,102,1,0,73,166,2,3,0,4,22
José Ramírez#,2024,CLE,AL,158,620,114,173,39,2,39,118,41,7,54,82,12,1,0,6,9
Brent Rooker,2024,OAK,AL,144,542,82,160,26,2,39,112,11,3,59,175,4,5,0,4,5
Kyle Schwarber*,2024,PHI,NL,149,569,108,141,22,0,38,102,5,3,105,196,4,5,0,8,6
Gunnar Henderson*,2024,BAL,AL,158,627,118,177,31,7,37,92,21,4,78,159,1,7,0,4,2
Yordan Alvarez*,2024,HOU,AL,147,552,88,170,34,2,35,86,6,0,69,95,16,10,0,4,14
Ketel Marte#,2024,ARI,NL,135,499,92,145,23,2,35,93,7,1,65,106,7,5,0,9,9
Pete Alonso,2024,NYM,NL,159,597,91,144,31,0,34,88,3,0,69,169,4,12,0,4,14
Teoscar Hernández,2024,LAD,NL,153,585,84,158,32,2,33,99,12,3,53,187,3,8,0,1,7
Cal Raleigh#,2024,SEA,AL,152,542,71,118,16,0,33,98,6,1,70,176,4,6,0,6,7
Willy Adames,2024,MIL,NL,160,608,93,153,33,0,32,112,21,4,73,173,3,1,0,3,12
Bobby Witt Jr.,2024,KCR,AL,160,632,124,210,45,11,32,109,31,12,57,105,9,8,0,8,4
Francisco Lindor#,2024,NYM,NL,150,609,103,165,39,1,31,86,27,4,55,127,0,12,0,3,7
Josh Naylor*,2024,CLE,AL,152,563,84,137,27,0,31,108,6,2,58,105,7,7,0,4,17
Tyler O'Neill,2024,BOS,AL,113,411,74,99,18,0,31,61,4,0,53,159,5,7,0,2,13
Vladimir Guerrero Jr.,2024,TOR,AL,158,614,98,199,44,1,30,103,2,2,70,95,12,5,0,4,16
Bryce Harper*,2024,PHI,NL,145,550,85,157,42,0,30,87,7,4,76,138,11,2,1,2,18
Corey Seager*,2024,TEX,AL,123,475,68,132,21,0,30,74,1,1,53,96,11,3,0,2,8
Jake Burger,2024,MIA,NL,136,531,67,133,23,1,29,76,1,1,31,149,2,9,0,4,11
Shea Langeliers,2024,OAK,AL,137,482,58,108,18,2,29,80,4,2,41,145,2,5,0,6,15
Manny Machado,2024,SDP,NL,152,593,77,163,30,0,29,105,11,2,45,124,6,1,0,4,25
Matt Olson*,2024,ATL,NL,159,588,77,145,37,1,29,98,0,0,71,166,5,8,0,5,15
Eugenio Suárez,2024,ARI,NL,157,566,88,143,28,2,29,99,2,1,49,174,0,9,0,11,10
Rafael Devers*,2024,BOS,AL,138,525,87,143,34,5,28,83,3,0,67,147,14,3,0,6,13
Matt Chapman,2024,SFG,NL,153,574,98,142,39,2,27,78,15,2,64,158,3,6,0,2,13
Salvador Perez,2024,KCR,AL,158,590,58,160,28,0,27,104,0,0,44,129,9,11,0,6,17
Giancarlo Stanton,2024,NYY,AL,113,416,49,97,20,0,27,72,0,0,37,143,2,2,0,2,16
Mark Vientos,2024,NYM,NL,109,405,57,108,22,0,27,70,0,0,33,134,0,3,0,4,6
Alex Bregman,2024,HOU,AL,145,581,79,151,30,2,26,75,3,1,44,86,1,5,0,4,13
Rhys Hoskins,2024,MIL,NL,131,449,59,96,14,0,26,82,3,0,53,149,1,7,0,6,11
Ezequiel Tovar,2024,COL,NL,156,651,83,176,45,4,26,78,6,5,23,200,1,4,5,7,16
Christian Walker,2024,ARI,NL,129,476,71,119,25,0,26,84,2,2,55,133,4,8,0,8,11
Elly De La Cruz#,2024,CIN,NL,159,613,104,159,36,9,25,74,65,16,69,216,2,6,2,1,12
Adolis García,2024,TEX,AL,154,580,68,130,27,0,25,85,11,5,45,177,2,6,0,6,12
Ian Happ#,2024,CHC,NL,152,565,89,138,34,2,25,86,13,2,79,167,1,6,0,2,7
Michael Toglia#,2024,COL,NL,115,395,62,86,14,3,25,55,10,1,54,145,2,1,0,3,7
Taylor Ward,2024,LAA,AL,155,581,73,144,26,2,25,75,6,4,63,162,0,7,0,8,11
Colton Cowser*,2024,BAL,AL,152,495,77,121,24,3,24,69,9,4,52,172,2,7,0,3,9
Riley Greene*,2024,DET,AL,136,509,82,134,27,6,24,74,4,2,63,156,3,5,0,2,2
Jackson Merrill*,2024,SDP,NL,155,552,77,161,31,6,24,90,16,3,28,101,1,1,4,5,2
Jurickson Profar#,2024,SDP,NL,158,564,94,158,29,0,24,85,10,3,76,101,4,18,5,5,14
Bryan Reynolds#,2024,PIT,NL,155,619,72,171,29,3,24,88,10,2,56,155,3,9,0,3,6
Paul DeJong,2024,2TM,AL,139,445,54,101,17,0,24,56,2,2,23,156,0,9,0,5,9
Paul DeJong,2024,CHW,AL,102,337,39,77,14,0,18,41,2,1,14,112,0,9,0,3,8
Paul DeJong,2024,KCR,AL,37,108,15,24,3,0,6,15,0,1,9,44,0,0,0,2,1
Jazz Chisholm Jr.*,2024,2TM,2LG,147,562,74,144,21,4,24,73,40,10,53,152,5,4,0,2,6
Jazz Chisholm Jr.*,2024,MIA,NL,101,386,46,96,14,4,13,50,22,8,39,107,5,4,0,1,4
Jazz Chisholm Jr.*,2024,NYY,AL,46,176,28,48,7,0,11,23,18,2,14,45,0,0,0,1,2
Nick Castellanos,2024,PHI,NL,161,606,80,154,30,4,23,86,6,2,40,139,2,10,0,2,14
William Contreras,2024,MIL,NL,155,595,99,167,37,2,23,92,9,2,78,139,5,3,0,3,19
Brenton Doyle,2024,COL,NL,149,542,82,141,24,4,23,72,30,5,46,153,1,3,4,8,13
Zach Neto,2024,LAA,AL,155,542,70,135,34,1,23,77,30,10,39,140,1,16,4,1,14
Joc Pederson*,2024,ARI,NL,132,367,62,101,17,1,23,64,7,4,55,105,2,18,1,3,5
Marcus Semien,2024,TEX,AL,158,646,100,153,27,2,23,74,8,3,63,105,2,3,0,1,9
Kyle Tucker*,2024,HOU,AL,78,277,56,80,13,0,23,49,11,0,56,54,3,1,0,2,5
Lawrence Butler*,2024,OAK,AL,125,412,63,108,24,2,22,57,18,0,35,108,0,0,0,4,8
Corbin Carroll*,2024,ARI,NL,157,585,120,136,22,14,22,74,34,8,72,129,0,10,3,9,3
Freddie Freeman*,2024,LAD,NL,147,542,81,153,35,2,22,89,9,2,78,100,9,10,0,8,13
Paul Goldschmidt,2024,STL,NL,153,597,70,146,32,1,22,64,11,0,47,171,2,2,0,2,20
Brandon Nimmo*,2024,NYM,NL,148,558,87,125,25,3,22,87,14,0,77,152,1,12,0,3,6
Luke Raley*,2024,SEA,AL,136,401,58,98,19,2,22,58,11,2,27,133,0,19,2,2,2
Heliot Ramos,2024,SFG,NL,121,475,54,128,23,3,22,72,6,1,37,135,2,2,0,4,12
Carlos Santana#,2024,MIN,AL,149,519,62,123,26,0,22,70,4,0,63,99,3,6,0,2,11
Alec Burleson*,2024,STL,NL,151,543,71,145,20,0,21,75,9,3,34,75,0,4,1,6,8
Michael Busch*,2024,CHC,NL,151,495,73,123,28,2,21,65,2,1,59,162,1,4,0,4,9
Jackson Chourio,2024,MIL,NL,147,524,80,144,29,4,21,79,22,7,39,120,4,3,1,2,7
Oneil Cruz*,2024,PIT,NL,145,538,71,140,34,3,21,76,22,1,49,179,5,3,0,4,8
Jarren Duran*,2024,BOS,AL,159,667,110,190,48,14,21,75,34,7,54,158,1,6,1,3,6
Ryan Jeffers,2024,MIN,AL,122,412,56,93,22,0,21,64,3,0,32,94,0,14,1,6,9
Brandon Lowe*,2024,TBR,AL,107,385,56,94,19,3,21,58,5,1,33,112,2,5,0,2,7
Seiya Suzuki,2024,CHC,NL,131,508,74,144,27,6,21,73,16,6,62,160,3,6,0,4,6
Fernando Tatis Jr.,2024,SDP,NL,101,394,64,110,21,1,21,49,11,3,32,94,0,7,0,1,8
Trea Turner,2024,PHI,NL,120,501,87,147,25,0,21,62,19,3,27,98,0,6,0,1,10
Bryan De La Cruz,2024,2TM,NL,149,584,61,136,25,0,21,68,5,2,29,170,1,3,0,5,10
Bryan De La Cruz,2024,MIA,NL,105,424,44,104,19,0,18,51,3,1,25,118,1,2,0,2,8
Bryan De La Cruz,2024,PIT,NL,44,160,17,32,6,0,3,17,2,1,4,52,0,1,0,3,2
Jorge Soler,2024,2TM,NL,139,485,83,117,32,1,21,64,1,0,67,141,0,6,0,4,9
Jorge Soler,2024,SFG,NL,93,341,57,82,23,1,12,40,1,0,44,97,0,3,0,3,9
Jorge Soler,2024,ATL,NL,46,144,26,35,9,0,9,24,0,0,23,44,0,3,0,1,0
Christopher Morel,2024,2TM,2LG,151,531,56,103,11,3,21,60,8,7,61,158,3,10,0,5,15
Christopher Morel,2024,CHC,NL,103,362,43,72,7,1,18,51,7,5,47,103,2,8,0,4,11
Christopher Morel,2024,TBR,AL,48,169,13,31,4,2,3,9,1,2,14,55,1,2,0,1,4
CJ Abrams*,2024,WSN,NL,138,541,79,133,29,6,20,65,31,12,40,128,3,16,1,4,4
Jo Adell,2024,LAA,AL,130,405,54,84,15,2,20,62,15,10,35,126,1,7,0,3,9
Jose Altuve,2024,HOU,AL,153,628,94,185,31,0,20,65,22,7,47,119,2,7,0,0,15
Andrew Benintendi*,2024,CHW,AL,135,477,50,109,20,0,20,64,3,2,41,96,1,1,0,3,12
JJ Bleday*,2024,OAK,AL,158,568,74,139,43,4,20,60,2,3,67,124,2,2,1,0,8
Jeimer Candelario#,2024,CIN,NL,112,427,47,96,23,2,20,56,4,3,27,114,1,6,0,3,7
Michael Conforto*,2024,SFG,NL,129,434,56,103,27,3,20,66,0,1,42,118,1,5,0,3,15
Andrew McCutchen,2024,PIT,NL,120,448,66,104,18,1,20,50,3,2,58,133,1,7,0,2,9
Ryan McMahon*,2024,COL,NL,152,563,68,137,28,0,20,65,4,6,69,184,4,3,0,4,9
Logan O'Hoppe,2024,LAA,AL,136,479,64,117,17,1,20,56,2,3,33,155,0,8,1,1,7
Julio Rodríguez,2024,SEA,AL,142,564,75,154,17,0,20,67,24,5,38,155,1,6,0,2,10
Will Smith,2024,LAD,NL,128,476,77,118,24,2,20,75,1,1,51,105,6,9,0,8,8
Spencer Steer,2024,CIN,NL,157,569,74,129,34,4,20,92,25,3,72,134,1,8,0,2,5
Randy Arozarena,2024,2TM,AL,153,546,76,119,32,0,20,60,20,9,72,168,0,22,0,4,7
Randy Arozarena,2024,TBR,AL,100,350,45,74,19,0,15,37,16,7,45,101,0,11,0,3,3
Randy Arozarena,2024,SEA,AL,53,196,31,45,13,0,5,23,4,2,27,67,0,11,0,1,4
Mookie Betts,2024,LAD,NL,115,448,75,130,24,5,19,75,16,2,61,57,2,1,0,4,10
Nolan Gorman*,2024,STL,NL,107,365,42,74,15,0,19,50,6,1,34,151,1,1,0,2,2
Vinnie Pasquantino*,2024,KCR,AL,131,496,64,130,30,2,19,97,1,0,40,71,1,4,1,13,12
Austin Riley,2024,ATL,NL,110,425,63,109,26,2,19,56,0,0,37,118,0,5,0,2,6
Adley Rutschman#,2024,BAL,AL,147,567,68,143,21,1,19,79,1,0,58,102,3,2,0,7,9
George Springer,2024,TOR,AL,145,545,74,120,19,3,19,56,16,1,60,115,0,6,0,2,16
Tyler Stephenson,2024,CIN,NL,137,454,69,117,26,1,19,65,1,0,46,117,2,8,0,2,9
Andrew Vaughn,2024,CHW,AL,148,565,55,139,30,1,19,70,2,0,38,131,0,6,0,5,13
Josh Bell#,2024,2TM,NL,145,538,62,134,23,2,19,71,0,1,51,120,1,6,0,3,22
Josh Bell#,2024,MIA,NL,104,398,38,95,18,1,14,49,0,0,34,88,1,5,0,3,13
Josh Bell#,2024,ARI,NL,41,140,24,39,5,1,5,22,0,1,17,32,0,1,0,0,9
Isaac Paredes,2024,2TM,2LG,152,539,64,129,25,1,19,80,1,1,75,104,2,17,0,6,17
Isaac Paredes,2024,TBR,AL,101,363,41,89,19,1,16,55,0,1,52,68,2,12,0,2,13
Isaac Paredes,2024,CHC,NL,51,176,23,40,6,0,3,25,1,0,23,36,0,5,0,4,4
Cody Bellinger*,2024,CHC,NL,130,516,72,137,23,3,18,78,9,2,45,89,7,3,0,5,10
Byron Buxton,2024,MIN,AL,102,355,62,99,27,3,18,56,7,2,20,99,1,11,0,2,3
Lourdes Gurriel Jr.,2024,ARI,NL,132,508,72,140,22,1,18,74,7,1,29,101,1,6,0,5,16
Cedric Mullins*,2024,BAL,AL,146,441,67,102,16,3,18,54,32,6,41,98,0,5,2,2,1
Jesús Sánchez*,2024,MIA,NL,148,485,60,123,25,1,18,64,16,2,41,137,2,4,1,2,12
Jose Siri,2024,TBR,AL,130,402,50,75,16,1,18,47,14,7,31,170,0,7,2,4,5
Daulton Varsho*,2024,TOR,AL,136,459,73,98,21,7,18,58,10,2,48,137,1,4,1,1,2
Jordan Westburg,2024,BAL,AL,106,411,57,109,26,5,18,61,6,3,22,95,0,7,1,1,5
Mike Yastrzemski*,2024,SFG,NL,139,426,60,99,16,9,18,57,3,2,38,124,1,6,1,1,5
Orlando Arcia,2024,ATL,NL,154,544,50,119,24,0,17,46,2,0,39,125,1,2,1,7,16
Kerry Carpenter*,2024,DET,AL,86,259,36,74,16,5,17,53,0,2,22,74,1,4,0,3,4
Jake Cronenworth*,2024,SDP,NL,154,573,72,139,29,3,17,82,5,2,61,117,0,11,1,3,19
Luis García Jr.*,2024,WSN,NL,139,495,57,139,25,1,17,68,22,5,27,85,2,0,0,1,12
Zack Gelof,2024,OAK,AL,137,493,59,104,20,2,17,49,25,3,38,186,0,4,3,5,7
Kyle Higashioka,2024,SDP,NL,84,246,29,54,10,1,17,45,2,0,15,74,0,0,1,1,3
MJ Melendez*,2024,KCR,AL,134,409,44,85,23,3,17,44,4,4,34,111,1,3,0,0,3
Nolan Arenado,2024,STL,NL,152,578,70,157,23,0,16,71,2,2,44,92,2,5,0,7,15
Yainer Diaz,2024,HOU,AL,148,585,70,175,29,3,16,84,2,0,24,107,1,2,0,8,22
Michael Harris II*,2024,ATL,NL,107,427,56,112,14,3,16,48,9,6,22,94,1,4,0,3,6
Wyatt Langford,2024,TEX,AL,133,494,73,125,25,4,16,74,18,3,51,115,3,4,0,3,6
Royce Lewis,2024,MIN,AL,81,288,40,68,16,0,16,47,0,0,28,73,2,0,0,5,5
Brandon Marsh*,2024,PHI,NL,134,414,55,104,17,3,16,60,18,3,50,154,0,2,1,5,2
J.D. Martinez,2024,NYM,NL,118,426,45,99,23,1,16,69,0,0,48,140,0,6,0,2,17
Jorge Polanco#,2024,SEA,AL,117,415,43,89,11,0,16,45,4,2,45,136,3,4,0,2,16
Dansby Swanson,2024,CHC,NL,149,534,82,129,27,2,16,66,19,3,54,144,2,2,0,3,7
Matt Vierling,2024,DET,AL,143,515,79,133,28,5,16,57,6,1,40,120,1,3,0,5,9
Wilyer Abreu*,2024,BOS,AL,131,396,59,101,33,2,15,58,8,3,39,124,0,3,0,5,6
Alec Bohm,2024,PHI,NL,142,550,62,154,44,2,15,96,5,2,40,85,2,6,0,6,18
Willson Contreras,2024,STL,NL,84,301,48,79,17,0,15,36,4,1,45,96,2,12,0,0,7
Travis d'Arnaud,2024,ATL,NL,97,301,39,71,16,0,15,48,1,0,24,86,0,6,0,4,8
Tyler Fitzgerald,2024,SFG,NL,95,310,53,88,19,2,15,34,17,4,22,106,0,4,0,1,2
Mitch Garver,2024,SEA,AL,113,367,37,63,17,0,15,51,0,0,53,133,0,7,0,3,9
Jonathan India,2024,CIN,NL,150,530,83,131,28,2,15,58,13,2,78,124,0,15,2,7,16
Jarred Kelenic*,2024,ATL,NL,130,411,49,94,18,2,15,44,7,2,32,133,1,1,1,3,5
Trevor Larnach*,2024,MIN,AL,112,355,59,92,17,0,15,52,4,1,40,89,1,3,0,2,12
Nathaniel Lowe*,2024,TEX,AL,139,482,60,127,15,1,15,67,2,0,70,125,0,4,0,4,9
Max Muncy*,2024,LAD,NL,72,233,47,55,17,0,15,48,1,0,45,76,3,5,0,6,1
Ryan O'Hearn*,2024,BAL,AL,141,441,58,115,21,3,15,59,3,1,45,69,2,2,0,3,7
Jeremy Peña,2024,HOU,AL,157,602,78,160,28,2,15,70,20,6,25,111,1,14,3,6,15
Ceddanne Rafaela,2024,BOS,AL,151,541,70,132,23,5,15,75,19,9,15,150,1,7,2,3,8
Gleyber Torres,2024,NYY,AL,153,584,78,149,24,0,15,63,4,3,64,135,0,3,2,8,6
Masyn Winn,2024,STL,NL,150,587,85,157,32,5,15,57,11,5,41,109,1,1,3,5,1
Lane Thomas,2024,2TM,2LG,130,472,65,112,26,3,15,63,32,14,44,137,1,7,0,5,5
Lane Thomas,2024,WSN,NL,77,300,42,76,16,3,8,40,28,12,32,72,0,5,0,4,4
Lane Thomas,2024,CLE,AL,53,172,23,36,10,0,7,23,4,2,12,65,1,2,0,1,1
Will Benson*,2024,CIN,NL,128,343,41,64,19,2,14,43,16,7,40,154,0,2,1,2,3
Seth Brown*,2024,OAK,AL,123,368,30,84,10,1,14,44,4,2,25,111,0,2,0,1,7
Carlos Correa,2024,MIN,AL,86,319,55,99,20,2,14,54,0,0,40,61,4,3,0,4,5
Yandy Díaz,2024,TBR,AL,145,563,55,158,31,1,14,65,0,0,50,95,0,4,0,4,12
David Fry,2024,CLE,AL,122,335,44,88,18,1,14,51,4,1,42,84,4,9,0,4,13
Steven Kwan*,2024,CLE,AL,122,480,83,140,16,3,14,44,12,5,53,51,0,5,2,0,5
Mickey Moniak*,2024,LAA,AL,124,392,48,86,17,2,14,49,8,4,21,114,0,4,0,1,3
J.T. Realmuto,2024,PHI,NL,99,380,50,101,18,1,14,47,2,2,27,102,1,5,0,1,7
Hunter Renfroe,2024,KCR,AL,119,381,43,87,18,0,14,51,1,1,36,82,0,2,0,1,9
Luis Robert Jr.,2024,CHW,AL,99,388,46,87,19,0,14,35,22,6,28,140,2,2,0,1,8
Jesse Winker*,2024,2TM,NL,145,430,63,109,23,0,14,58,14,4,63,106,2,10,2,3,12
Jesse Winker*,2024,WSN,NL,101,315,51,81,18,0,11,45,14,4,53,84,2,7,2,2,9
Jesse Winker*,2024,NYM,NL,44,115,12,28,5,0,3,13,0,0,10,22,0,3,0,1,3
Joey Bart,2024,PIT,NL,79,249,37,65,10,0,13,44,0,0,22,71,0,6,0,1,8
Triston Casas*,2024,BOS,AL,62,208,28,50,8,0,13,31,0,1,30,76,4,1,0,0,6
Brendan Donovan*,2024,STL,NL,152,584,64,161,34,3,13,71,5,5,45,81,0,13,0,5,4
TJ Friedl*,2024,CIN,NL,84,292,35,66,5,1,13,55,9,1,26,52,0,12,2,4,1
Hunter Goodman,2024,COL,NL,70,211,24,40,9,0,13,36,1,1,8,64,0,3,0,2,5
Jonah Heim#,2024,TEX,AL,130,454,45,100,12,1,13,58,1,1,26,90,0,4,0,2,13
Colt Keith*,2024,DET,AL,147,514,54,134,15,4,13,61,7,1,36,110,2,2,0,2,4
Michael Massey*,2024,KCR,AL,99,328,44,85,17,2,13,42,1,0,15,55,1,3,2,4,9
Jake Meyers,2024,HOU,AL,148,461,51,101,20,3,13,61,11,3,35,117,0,10,3,4,17
Ryan Mountcastle,2024,BAL,AL,123,469,54,127,30,2,13,63,3,0,27,112,0,1,0,6,13
Bo Naylor*,2024,CLE,AL,123,354,39,71,10,2,13,39,6,3,29,122,1,2,2,2,3
Jhonkensy Noel,2024,CLE,AL,67,179,25,39,7,1,13,28,0,0,13,63,0,5,0,1,1
Andy Pages,2024,LAD,NL,115,400,65,100,23,1,13,46,1,2,29,107,0,6,0,4,8
Brendan Rodgers,2024,COL,NL,135,501,67,134,29,1,13,54,1,0,31,132,1,4,1,2,12
Keibert Ruiz#,2024,WSN,NL,127,459,46,105,21,0,13,57,3,1,16,54,0,5,0,5,13
Nolan Schanuel*,2024,LAA,AL,147,519,62,130,19,0,13,54,10,1,68,103,0,9,3,7,14
Davis Schneider,2024,TOR,AL,134,394,48,76,19,1,13,46,6,0,46,142,0,5,0,5,2
Jon Singleton*,2024,HOU,AL,119,355,46,83,13,1,13,42,0,0,47,111,0,0,0,3,2
Josh Smith*,2024,TEX,AL,148,518,67,134,29,1,13,60,11,2,46,121,1,18,2,3,6
Rowdy Tellez*,2024,PIT,NL,131,383,38,93,18,0,13,56,1,0,31,89,0,2,0,5,12
Alex Verdugo*,2024,NYY,AL,148,555,74,129,28,1,13,59,1,1,49,92,0,1,2,10,14
Matt Wallner*,2024,MIN,AL,75,220,26,57,17,1,13,37,3,0,24,95,0,16,0,1,2
Austin Wells*,2024,NYY,AL,114,353,41,81,18,1,13,55,1,2,47,87,0,4,1,7,9
Connor Wong,2024,BOS,AL,125,443,54,124,23,1,13,51,8,7,28,114,1,9,1,2,7
Ty France,2024,2TM,2LG,139,475,46,112,24,0,13,51,1,1,38,114,0,13,0,5,16
Ty France,2024,SEA,AL,88,300,28,67,14,0,8,31,0,1,28,83,0,11,0,1,11
Ty France,2024,CIN,NL,51,175,18,45,10,0,5,20,1,0,10,31,0,2,0,4,5
Harrison Bader,2024,NYM,NL,140,396,57,95,19,0,12,51,17,8,21,92,1,8,0,6,6
Jake Bauers*,2024,MIL,NL,115,299,45,60,9,2,12,43,13,1,38,117,1,5,0,0,0
Charlie Blackmon*,2024,COL,NL,123,447,59,114,24,5,12,52,6,2,43,86,2,6,0,1,4
Willi Castro#,2024,MIN,AL,158,558,89,138,31,5,12,60,14,9,51,150,0,21,1,4,8
Ernie Clement,2024,TOR,AL,138,430,48,114,21,3,12,51,12,3,11,40,1,3,2,2,11
Mitch Haniger,2024,SEA,AL,120,379,42,79,12,0,12,44,0,0,40,125,0,2,0,1,10
Kiké Hernández,2024,LAD,NL,125,358,44,83,16,0,12,42,0,0,27,77,0,0,1,3,13
Spencer Horwitz*,2024,TOR,AL,96,325,46,87,19,0,12,40,0,0,41,70,2,7,0,4,8
Korey Lee,2024,CHW,AL,124,372,36,78,14,1,12,35,5,3,17,122,0,0,0,0,12
Jeff McNeil*,2024,NYM,NL,129,424,57,101,26,0,12,44,5,1,35,68,1,9,1,3,6
Lars Nootbaar*,2024,STL,NL,108,344,39,85,18,3,12,45,7,3,52,77,2,1,1,3,10
Leody Taveras#,2024,TEX,AL,150,475,58,108,17,3,12,44,22,6,42,112,0,0,3,4,7
Anthony Volpe,2024,NYY,AL,159,635,90,155,27,7,12,60,27,5,40,155,1,4,2,3,9
Francisco Alvarez,2024,NYM,NL,98,301,37,70,13,2,11,44,1,1,30,86,0,2,0,1,7
Xander Bogaerts,2024,SDP,NL,111,428,50,113,15,1,11,44,13,3,28,79,0,1,0,6,13
Jonah Bride,2024,MIA,NL,70,229,29,62,10,0,11,37,0,1,29,55,1,3,0,7,9
Adam Duvall,2024,ATL,NL,104,303,29,55,10,0,11,30,0,0,21,99,0,5,0,1,6
Randal Grichuk,2024,ARI,NL,105,249,37,72,20,2,11,44,0,0,20,46,0,3,0,2,5
Ha-Seong Kim,2024,SDP,NL,121,403,60,94,16,3,11,47,22,5,58,77,4,2,4,3,8
Joey Ortiz,2024,MIL,NL,141,437,58,105,25,6,11,60,11,6,56,102,0,6,3,6,9
Rob Refsnyder,2024,BOS,AL,93,272,32,77,16,1,11,40,2,2,28,78,2,5,0,1,6
Gary Sánchez,2024,MIL,NL,88,243,30,53,7,1,11,37,0,0,26,76,0,5,0,3,9
Bryson Stott*,2024,PHI,NL,147,502,65,123,19,2,11,56,32,3,53,93,1,3,0,9,9
Ramón Urías,2024,BAL,AL,99,270,39,69,9,2,11,37,1,1,23,55,0,5,0,1,0
Christian Yelich*,2024,MIL,NL,73,270,44,85,12,3,11,42,21,1,40,58,3,2,1,1,3
Justin Turner,2024,2TM,AL,138,458,59,118,23,0,11,53,0,2,59,94,2,12,0,7,16
Justin Turner,2024,TOR,AL,91,301,37,77,17,0,6,31,0,2,39,60,0,6,0,3,15
Justin Turner,2024,SEA,AL,47,157,22,41,6,0,5,22,0,0,20,34,2,6,0,4,1
Pete Crow-Armstrong*,2024,CHC,NL,122,369,46,88,13,6,10,47,27,3,21,98,2,6,7,3,4
Joey Gallo*,2024,WSN,NL,75,220,24,36,9,0,10,27,3,1,32,101,0,4,0,1,1
Josh Lowe*,2024,TBR,AL,105,349,36,84,19,2,10,34,25,1,32,122,4,0,0,2,2
Gavin Lux*,2024,LAD,NL,139,439,59,110,24,2,10,50,5,2,44,110,0,2,0,2,8
Dylan Moore,2024,SEA,AL,134,367,53,74,23,4,10,42,32,6,53,123,1,14,1,5,8
Sean Murphy,2024,ATL,NL,70,228,18,45,5,1,10,25,0,0,25,66,1,3,0,1,7
Jake Rogers,2024,DET,AL,101,307,43,61,16,1,10,36,1,0,22,99,1,3,0,2,6
Gavin Sheets*,2024,CHW,AL,139,451,35,105,24,1,10,45,2,2,43,106,2,4,0,3,6
Spencer Torkelson,2024,DET,AL,91,340,44,74,21,1,10,36,0,0,31,105,0,4,0,1,6
Mike Trout,2024,LAA,AL,29,109,17,24,1,2,10,14,6,1,16,27,1,1,0,0,0
Masataka Yoshida*,2024,BOS,AL,108,378,45,106,21,0,10,56,2,0,27,52,0,14,0,2,6
Eddie Rosario*,2024,2TM,NL,91,297,33,52,12,0,10,35,9,1,16,77,0,0,2,4,4
Eddie Rosario*,2024,WSN,NL,67,219,26,40,11,0,7,26,8,1,13,54,0,0,1,2,4
Eddie Rosario*,2024,ATL,NL,24,78,7,12,1,0,3,9,1,0,3,23,0,0,1,2,0
Ramón Laureano,2024,2TM,2LG,95,274,34,70,16,1,10,31,8,3,14,91,0,7,0,1,5
Ramón Laureano,2024,CLE,AL,31,70,7,10,3,0,1,4,3,1,7,32,0,5,0,1,1
Ramón Laureano,2024,ATL,NL,64,204,27,60,13,1,9,27,5,2,7,59,0,2,0,0,4
Jason Heyward*,2024,2TM,2LG,87,228,33,48,12,2,10,37,5,0,22,53,2,4,0,3,3
Jason Heyward*,2024,LAD,NL,63,173,25,36,10,2,6,28,4,0,17,36,0,4,0,3,3
Jason Heyward*,2024,HOU,AL,24,55,8,12,2,0,4,9,1,0,5,17,2,0,0,0,0
Ozzie Albies#,2024,ATL,NL,96,387,50,97,28,1,9,48,8,1,25,64,0,5,0,4,6
José Caballero,2024,TBR,AL,138,437,53,99,24,1,9,44,44,16,27,133,1,9,3,3,6
J.P. Crawford*,2024,SEA,AL,104,389,54,77,16,2,9,37,5,0,52,102,0,6,0,1,4
Santiago Espinal,2024,CIN,NL,118,357,32,88,12,0,9,45,11,1,24,54,1,2,4,4,7
Thairo Estrada,2024,SFG,NL,96,364,43,79,15,2,9,47,2,2,10,76,0,5,0,2,8
Andrés Giménez*,2024,CLE,AL,152,583,64,147,22,1,9,63,30,5,26,97,1,15,3,6,11
Yasmani Grandal#,2024,PIT,NL,72,215,26,49,10,0,9,26,1,0,24,46,0,0,3,1,7
Sam Hilliard*,2024,COL,NL,57,135,25,32,5,1,9,26,5,2,13,55,1,0,4,2,3
Connor Joe,2024,PIT,NL,123,364,49,83,22,1,9,36,2,2,44,91,1,6,0,2,7
Parker Meadows*,2024,DET,AL,81,266,38,64,12,6,9,28,9,4,24,76,0,1,1,1,0
José Miranda,2024,MIN,AL,121,401,44,114,28,4,9,49,2,2,18,66,1,6,0,4,13
Wenceel Pérez#,2024,DET,AL,111,385,51,92,16,6,9,37,9,5,32,91,0,1,2,1,5
Pavin Smith*,2024,ARI,NL,60,137,26,37,11,0,9,36,1,0,18,31,0,0,0,3,4
Tyler Soderstrom*,2024,OAK,AL,60,185,17,43,10,0,9,26,0,0,20,51,1,3,0,1,7
Jacob Stallings,2024,COL,NL,82,243,31,64,17,1,9,36,0,0,27,65,1,9,1,1,10
Jack Suwinski*,2024,PIT,NL,88,247,29,45,8,0,9,26,9,1,27,79,2,1,1,1,3
Jared Triolo,2024,PIT,NL,124,391,41,85,10,1,9,45,8,1,42,115,0,5,0,4,5
James Wood*,2024,WSN,NL,78,290,43,78,13,4,9,41,14,8,39,93,1,2,0,0,1
Carson Kelly,2024,2TM,AL,91,281,32,67,9,1,9,37,0,0,25,55,0,6,0,1,6
Carson Kelly,2024,DET,AL,60,179,21,43,4,1,7,29,0,0,17,40,0,6,0,1,3
Carson Kelly,2024,TEX,AL,31,102,11,24,5,0,2,8,0,0,8,15,0,0,0,0,3
Danny Jansen,2024,2TM,AL,92,278,35,57,13,0,9,24,0,0,40,61,0,3,0,3,4
Danny Jansen,2024,TOR,AL,62,198,27,42,13,0,6,18,0,0,25,42,0,2,0,3,1
Danny Jansen,2024,BOS,AL,30,80,8,15,0,0,3,6,0,0,15,19,0,1,0,0,3
Connor Norby,2024,2TM,2LG,44,174,32,42,9,0,9,20,3,3,15,62,0,0,0,1,2
Connor Norby,2024,BAL,AL,9,32,3,6,1,0,2,3,0,0,0,12,0,0,0,0,1
Connor Norby,2024,MIA,NL,35,142,29,36,8,0,7,17,3,3,15,50,0,0,0,1,1
Tommy Pham,2024,3TM,2LG,115,436,48,108,19,3,9,39,7,3,35,105,0,2,0,1,5
Tommy Pham,2024,2TM,AL,92,368,41,94,16,2,7,27,7,3,28,89,0,1,0,0,3
Tommy Pham,2024,CHW,AL,70,271,33,72,14,1,5,19,6,3,25,63,0,1,0,0,2
Tommy Pham,2024,STL,NL,23,68,7,14,3,1,2,12,0,0,7,16,0,1,0,1,2
Tommy Pham,2024,KCR,AL,22,97,8,22,2,1,2,8,1,0,3,26,0,0,0,0,1
Miguel Amaya,2024,CHC,NL,117,328,32,76,13,2,8,47,0,0,23,62,0,4,5,3,5
Patrick Bailey#,2024,SFG,NL,121,401,46,94,16,1,8,46,4,0,39,100,0,0,1,7,10
Will Brennan*,2024,CLE,AL,114,330,37,87,13,2,8,30,4,2,19,48,2,3,0,1,9
Oswaldo Cabrera#,2024,NYY,AL,108,299,47,74,11,0,8,36,4,2,21,63,0,1,2,3,6
Luis Campusano,2024,SDP,NL,91,277,37,63,13,0,8,40,0,0,20,41,0,1,0,1,11
Dominic Canzone*,2024,SEA,AL,67,168,20,33,7,0,8,17,1,0,18,53,2,0,0,2,5
Victor Caratini#,2024,HOU,AL,87,245,30,66,8,1,8,30,0,1,23,53,1,3,0,3,6
Trent Grisham*,2024,NYY,AL,75,175,20,32,8,0,8,28,1,1,22,55,1,4,1,2,5
Stuart Fairchild,2024,CIN,NL,94,209,33,45,8,0,8,30,13,1,17,60,0,4,2,1,1
Nick Gordon*,2024,MIA,NL,95,260,29,59,11,1,8,32,5,5,11,67,0,1,0,3,5
David Hamilton*,2024,BOS,AL,98,294,47,73,17,1,8,28,33,4,22,80,0,1,0,0,1
Kyle Isbel*,2024,KCR,AL,135,382,62,88,13,8,8,42,11,2,26,86,0,5,8,2,4
Edouard Julien*,2024,MIN,AL,93,262,36,53,9,0,8,21,6,0,33,100,0,2,0,0,2
Max Kepler*,2024,MIN,AL,105,368,43,93,21,1,8,42,1,0,22,80,0,5,0,3,3
Justyn-Henry Malloy,2024,DET,AL,71,202,18,41,7,1,8,21,1,1,23,85,0,3,0,2,2
Jake McCarthy*,2024,ARI,NL,141,437,65,123,12,7,8,54,25,6,31,77,1,14,5,3,4
Garrett Mitchell*,2024,MIL,NL,68,195,33,50,12,3,8,21,11,4,25,70,0,1,2,0,1
David Peralta*,2024,SDP,NL,90,232,35,63,11,0,8,28,2,0,22,51,0,2,0,0,3
Anthony Rizzo*,2024,NYY,AL,92,337,38,77,12,0,8,35,0,0,27,65,0,9,0,2,7
Brayan Rocchio#,2024,CLE,AL,143,383,50,79,18,0,8,36,10,6,44,90,1,8,2,5,11
Josh Rojas*,2024,SEA,AL,141,418,48,95,19,2,8,31,10,4,46,107,1,3,1,2,6
Donovan Solano,2024,SDP,NL,95,282,31,81,13,0,8,35,2,1,22,64,0,3,0,1,6
Jose Trevino,2024,NYY,AL,72,207,25,45,5,0,8,28,1,0,19,40,0,2,1,2,12
Nelson Velázquez,2024,KCR,AL,64,205,31,41,8,1,8,27,2,0,19,61,0,3,0,3,6
LaMonte Wade Jr.*,2024,SFG,NL,116,329,45,86,16,0,8,34,2,1,62,90,5,4,1,3,2
Patrick Wisdom,2024,CHC,NL,75,158,16,27,7,2,8,23,5,0,10,59,0,4,1,1,1
Kevin Pillar,2024,2TM,AL,99,281,38,65,16,1,8,45,12,3,16,67,0,9,1,3,10
Kevin Pillar,2024,CHW,AL,17,25,1,4,2,0,1,4,2,0,4,8,0,1,1,1,0
Kevin Pillar,2024,LAA,AL,82,256,37,61,14,1,7,41,10,3,12,59,0,8,0,2,10
Isiah Kiner-Falefa,2024,2TM,2LG,133,465,53,125,18,4,8,43,11,2,16,78,0,10,3,2,12
Isiah Kiner-Falefa,2024,TOR,AL,83,257,32,75,8,2,7,33,3,1,13,37,0,6,3,2,9
Isiah Kiner-Falefa,2024,PIT,NL,50,208,21,50,10,2,1,10,8,1,3,41,0,4,0,0,3
Gio Urshela,2024,2TM,2LG,125,421,33,104,19,1,8,50,0,0,22,69,1,1,0,5,13
Gio Urshela,2024,DET,AL,92,300,25,73,10,1,5,37,0,0,19,49,1,1,0,5,12
Gio Urshela,2024,ATL,NL,33,121,8,31,9,0,3,13,0,0,3,20,0,0,0,0,1
Addison Barger*,2024,TOR,AL,68,207,20,41,11,0,7,28,2,0,14,60,0,1,0,1,1
Mark Canha,2024,2TM,2LG,125,393,46,95,20,0,7,42,7,0,51,96,2,13,0,5,10
Mark Canha,2024,DET,AL,93,320,42,74,17,0,7,38,4,0,42,79,2,11,0,4,9
Mark Canha,2024,SFG,NL,32,73,4,21,3,0,0,4,3,0,9,17,0,2,0,1,1
Jake Cave*,2024,COL,NL,122,319,42,80,15,5,7,37,5,2,18,95,1,1,1,3,6
Tyler Freeman,2024,CLE,AL,118,330,48,69,14,1,7,32,11,6,28,53,1,19,3,3,15
Maikel Garcia,2024,KCR,AL,156,573,84,133,27,5,7,58,37,2,41,102,0,0,4,5,6
Nick Gonzales,2024,PIT,NL,93,355,41,97,19,3,7,49,5,3,18,74,1,4,1,4,7
Nico Hoerner,2024,CHC,NL,150,577,86,158,35,1,7,48,30,6,44,65,1,12,0,3,8
Josh Jung,2024,TEX,AL,46,178,19,47,5,1,7,16,4,0,8,48,0,1,0,1,1
Starling Marte,2024,NYM,NL,91,329,44,88,13,3,7,40,16,1,25,79,0,3,2,2,8
James McCann,2024,BAL,AL,64,210,26,49,9,0,7,28,1,0,13,54,0,2,0,4,3
Tyler Nevin,2024,OAK,AL,86,242,22,49,9,0,7,18,1,0,25,63,0,5,0,3,5
Pedro Pagés,2024,STL,NL,67,199,18,48,3,2,7,27,2,0,12,55,0,0,1,2,7
Ben Rice*,2024,NYY,AL,49,149,20,26,6,0,7,23,0,1,20,46,0,1,0,5,2
Max Schuemann,2024,OAK,AL,132,394,55,87,14,0,7,34,14,1,47,117,0,7,5,4,8
Nick Senzel,2024,2TM,2LG,74,236,25,46,11,0,7,18,1,3,28,61,1,1,1,0,6
Nick Senzel,2024,WSN,NL,64,206,25,43,10,0,7,18,1,3,27,53,1,1,0,0,6
Nick Senzel,2024,CHW,AL,10,30,0,3,1,0,0,0,0,0,1,8,0,0,1,0,0
Edmundo Sosa,2024,PHI,NL,89,245,38,63,12,4,7,31,7,1,13,65,0,8,1,2,4
Lenyn Sosa,2024,CHW,AL,99,347,25,86,13,0,7,32,3,1,11,77,1,3,2,1,5
Mike Tauchman*,2024,CHC,NL,108,297,50,74,12,1,7,29,6,2,47,70,0,4,0,1,7
Tyrone Taylor,2024,NYM,NL,127,308,46,76,21,3,7,35,10,2,19,77,1,5,1,1,4
Brice Turang*,2024,MIL,NL,154,555,72,141,24,4,7,57,50,6,50,104,1,2,5,3,8
Christian Vázquez,2024,MIN,AL,92,290,29,65,10,0,7,27,3,1,11,63,0,1,5,4,11
Derek Hill,2024,3TM,2LG,53,162,19,39,4,2,7,25,6,2,5,56,0,2,2,1,2
Derek Hill,2024,2TM,NL,37,119,14,28,4,2,4,20,4,1,3,42,0,2,2,1,1
Derek Hill,2024,TEX,AL,16,43,5,11,0,0,3,5,2,1,2,14,0,0,0,0,1
Derek Hill,2024,SFG,NL,5,12,3,3,0,1,0,2,0,0,1,3,0,0,0,0,0
Derek Hill,2024,MIA,NL,32,107,11,25,4,1,4,18,4,1,2,39,0,2,2,1,1
Jonathan Aranda*,2024,TBR,AL,43,125,22,30,7,0,6,14,0,0,12,31,0,1,0,1,2
Javier Báez,2024,DET,AL,80,272,25,50,12,0,6,37,8,1,12,69,1,2,0,3,10
Junior Caminero,2024,TBR,AL,42,161,15,41,9,1,6,18,2,0,11,37,2,1,0,0,2
Jonny DeLuca,2024,TBR,AL,106,328,29,71,12,4,6,31,16,6,24,77,1,4,2,0,1
Tommy Edman#,2024,LAD,NL,36,135,20,33,5,1,6,20,6,0,11,29,0,1,0,2,2
Freddy Fermin,2024,KCR,AL,110,336,40,91,14,0,6,36,2,0,23,65,1,2,1,3,10
Romy González,2024,BOS,AL,89,199,25,53,10,1,6,29,11,3,12,58,0,1,0,4,5
Otto López,2024,MIA,NL,116,399,49,107,22,1,6,38,20,3,25,74,0,1,2,2,13
Blake Perkins#,2024,MIL,NL,120,381,54,92,13,2,6,43,23,5,41,107,1,3,0,6,3
Luis Rengifo#,2024,LAA,AL,78,283,41,85,13,1,6,30,24,7,16,44,0,4,1,0,6
Miguel Rojas,2024,LAD,NL,103,307,41,87,21,0,6,36,8,2,23,34,0,3,2,2,8
Casey Schmitt,2024,SFG,NL,39,104,10,25,3,1,6,16,0,0,4,24,0,1,0,1,2
Dominic Smith*,2024,2TM,2LG,93,275,33,64,22,0,6,34,1,1,28,76,0,4,0,0,7
Dominic Smith*,2024,BOS,AL,84,249,29,59,20,0,6,34,1,1,25,65,0,4,0,0,7
Dominic Smith*,2024,CIN,NL,9,26,4,5,2,0,0,0,0,0,3,11,0,0,0,0,0
Abraham Toro#,2024,OAK,AL,94,337,34,81,17,1,6,26,4,2,20,62,1,5,2,0,4
Enmanuel Valdéz*,2024,BOS,AL,75,198,23,43,12,0,6,28,1,1,17,52,0,0,1,4,4
Juan Yepez,2024,WSN,NL,61,221,32,63,15,0,6,25,2,1,18,41,0,1,1,3,9
Elias Díaz,2024,2TM,NL,95,322,27,85,19,0,6,38,0,0,20,69,2,4,0,2,14
Elias Díaz,2024,COL,NL,84,304,26,82,18,0,5,36,0,0,17,64,2,4,0,2,13
Elias Díaz,2024,SDP,NL,11,18,1,3,1,0,1,2,0,0,3,5,0,0,0,0,1
Eloy Jiménez,2024,2TM,AL,98,324,25,77,14,0,6,23,3,0,22,70,1,2,0,1,13
Eloy Jiménez,2024,CHW,AL,65,229,18,55,9,0,5,16,3,0,18,47,1,1,0,1,11
Eloy Jiménez,2024,BAL,AL,33,95,7,22,5,0,1,7,0,0,4,23,0,1,0,0,2
Willie Calhoun*,2024,LAA,AL,68,229,26,56,16,0,5,20,0,1,23,31,1,1,0,1,5
Daz Cameron,2024,OAK,AL,65,168,22,34,5,1,5,15,5,0,13,51,0,1,0,2,3
Evan Carter*,2024,TEX,AL,45,144,23,27,6,2,5,15,2,0,15,43,0,2,0,1,1
Kody Clemens*,2024,PHI,NL,42,112,16,24,9,1,5,18,0,0,4,28,0,0,0,0,2
Jerar Encarnación,2024,SFG,NL,34,109,13,28,5,0,5,19,1,0,5,33,0,0,0,1,0
Kyle Farmer,2024,MIN,AL,106,211,26,46,13,1,5,25,3,5,19,48,1,6,0,2,6
Jake Fraley*,2024,CIN,NL,115,346,44,94,19,2,5,26,20,5,26,70,0,3,0,3,6
Eric Haase,2024,MIL,NL,29,63,10,18,1,0,5,14,0,0,3,26,0,0,0,0,0
Iván Herrera,2024,STL,NL,72,229,37,69,12,1,5,27,5,0,25,53,0,2,0,2,3
Rece Hinds,2024,CIN,NL,24,46,9,12,4,1,5,11,2,0,4,16,0,1,0,0,0
Jackson Holliday*,2024,BAL,AL,59,189,28,35,4,2,5,23,4,0,14,69,0,2,0,1,1
Andy Ibáñez,2024,DET,AL,98,223,30,54,9,1,5,32,2,3,15,63,0,3,0,2,2
Alex Kirilloff*,2024,MIN,AL,57,159,20,32,8,3,5,20,0,0,15,47,0,1,0,3,5
Alejandro Kirk,2024,TOR,AL,103,340,23,86,19,1,5,54,0,0,35,51,1,2,0,9,11
Kyle Manzardo*,2024,CLE,AL,53,145,11,34,12,0,5,15,0,0,9,41,0,1,0,1,3
Nick Martini*,2024,CIN,NL,52,146,23,31,4,2,5,24,1,3,9,38,0,4,0,3,1
Jorge Mateo,2024,BAL,AL,68,192,30,44,14,2,5,18,13,2,10,48,0,1,2,3,3
Luis Matos,2024,SFG,NL,44,148,14,32,5,0,5,25,0,0,5,24,1,0,0,1,5
Kyle McCann*,2024,OAK,AL,53,137,13,33,4,0,5,15,0,0,15,58,1,1,0,0,2
Chas McCormick,2024,HOU,AL,94,242,32,51,6,1,5,27,8,2,17,72,0,4,1,3,3
Grant McCray*,2024,SFG,NL,36,121,13,24,3,2,5,10,5,0,6,54,0,0,0,0,3
Gabriel Moreno,2024,ARI,NL,96,302,38,80,17,1,5,44,3,1,40,51,1,2,0,3,10
Edward Olivares,2024,PIT,NL,55,174,22,39,4,0,5,23,1,0,16,37,0,2,0,4,3
Richie Palacios*,2024,TBR,AL,91,260,46,59,8,1,5,21,19,1,45,67,2,4,0,1,4
Daniel Schneemann*,2024,CLE,AL,73,193,17,42,10,2,5,22,3,2,25,70,0,0,0,3,1
DJ Stewart*,2024,NYM,NL,74,158,16,28,4,0,5,19,1,0,31,48,0,4,0,1,5
Michael A. Taylor,2024,PIT,NL,113,269,35,52,9,1,5,21,12,1,23,105,0,0,4,4,3
Jordan Walker,2024,STL,NL,50,160,15,32,10,1,5,20,1,0,10,48,0,2,0,2,4
Christian Bethancourt,2024,2TM,NL,61,135,18,29,7,0,5,22,3,0,5,35,0,1,2,0,2
Christian Bethancourt,2024,MIA,NL,38,82,9,13,3,0,2,7,0,0,3,22,0,1,2,0,1
Christian Bethancourt,2024,CHC,NL,23,53,9,16,4,0,3,15,3,0,2,13,0,0,0,0,1
Kevin Kiermaier*,2024,2TM,2LG,116,259,31,51,9,3,5,26,6,2,12,86,0,2,7,1,4
Kevin Kiermaier*,2024,TOR,AL,82,200,24,39,7,2,4,18,5,0,10,66,0,1,5,1,3
Kevin Kiermaier*,2024,LAD,NL,34,59,7,12,2,1,1,8,1,2,2,20,0,1,2,0,1
Emmanuel Rivera,2024,2TM,2LG,122,263,24,63,9,2,5,29,2,0,26,68,0,5,1,5,7
Emmanuel Rivera,2024,MIA,NL,96,201,15,43,6,1,1,15,2,0,20,51,0,4,1,3,5
Emmanuel Rivera,2024,BAL,AL,26,62,9,20,3,1,4,14,0,0,6,17,0,1,0,2,2
Cavan Biggio*,2024,3TM,2LG,78,188,27,37,5,0,5,19,2,0,24,72,0,8,2,0,1
Cavan Biggio*,2024,2TM,NL,34,78,12,15,1,0,3,10,0,0,10,30,0,2,2,0,0
Cavan Biggio*,2024,TOR,AL,44,110,15,22,4,0,2,9,2,0,14,42,0,6,0,0,1
Cavan Biggio*,2024,LAD,NL,30,73,11,14,1,0,3,10,0,0,10,28,0,2,2,0,0
Cavan Biggio*,2024,ATL,NL,4,5,1,1,0,0,0,0,0,0,0,2,0,0,0,0,0
Austin Hays,2024,2TM,2LG,85,235,26,60,18,0,5,20,2,2,9,59,1,8,1,2,2
Austin Hays,2024,BAL,AL,63,157,18,40,13,0,3,14,0,1,9,40,1,6,1,2,1
Austin Hays,2024,PHI,NL,22,78,8,20,5,0,2,6,2,1,0,19,0,2,0,0,1
Miguel Vargas,2024,2TM,2LG,71,203,21,31,7,0,5,16,3,1,24,57,0,2,0,3,4
Miguel Vargas,2024,LAD,NL,30,71,11,17,4,0,3,9,1,0,8,16,0,0,0,1,1
Miguel Vargas,2024,CHW,AL,41,132,10,14,3,0,2,7,2,1,16,41,0,2,0,2,3
Ronald Acuña Jr.,2024,ATL,NL,49,192,38,48,8,1,4,15,16,3,27,53,0,3,0,0,4
Miguel Andujar,2024,OAK,AL,75,302,31,86,14,1,4,30,3,2,13,42,0,3,0,1,10
Luis Arráez*,2024,2TM,NL,149,634,82,199,31,3,4,46,9,3,24,28,3,8,2,1,18
Luis Arráez*,2024,MIA,NL,33,137,22,41,8,1,0,5,0,0,8,11,0,2,1,0,5
Luis Arráez*,2024,SDP,NL,116,497,60,158,23,2,4,41,9,3,16,17,3,6,1,1,13
Brett Baty*,2024,NYM,NL,50,153,15,35,3,0,4,16,0,0,16,42,1,1,1,0,3
Bo Bichette,2024,TOR,AL,81,311,29,70,16,1,4,31,5,1,20,64,1,3,0,2,12
Dairon Blanco,2024,KCR,AL,88,120,37,31,4,0,4,13,31,7,8,32,0,1,1,1,2
Matt Carpenter*,2024,STL,NL,58,136,15,31,7,0,4,15,0,2,15,51,0,2,0,2,0
Andrés Chaparro,2024,WSN,NL,33,121,12,26,12,0,4,15,1,1,7,24,0,4,0,0,3
J.D. Davis,2024,2TM,AL,46,142,13,31,5,0,4,6,0,0,12,39,0,3,0,0,5
J.D. Davis,2024,OAK,AL,39,123,12,29,4,0,4,5,0,0,9,30,0,3,0,0,3
J.D. Davis,2024,NYY,AL,7,19,1,2,1,0,0,1,0,0,3,9,0,0,0,0,2
Adrian Del Castillo*,2024,ARI,NL,25,80,12,25,5,0,4,19,1,1,7,28,0,0,0,0,1
Brandon Drury,2024,LAA,AL,96,321,28,55,7,0,4,15,1,0,27,79,0,5,0,3,13
Mauricio Dubón,2024,HOU,AL,137,402,45,108,25,0,4,47,3,2,16,55,0,2,3,5,6
Wilmer Flores,2024,SFG,NL,71,214,19,44,12,0,4,26,0,0,20,33,1,3,0,5,5
Nick Fortes,2024,MIA,NL,109,304,28,69,16,0,4,29,0,1,11,41,0,4,7,5,6
Adam Frazier*,2024,KCR,AL,104,262,35,53,10,1,4,22,3,0,22,59,0,7,3,0,0
Ke'Bryan Hayes,2024,PIT,NL,96,365,38,85,9,0,4,25,11,2,23,75,1,4,0,4,12
Jose Iglesias,2024,NYM,NL,82,256,38,87,16,1,4,25,5,2,12,37,1,8,0,1,4
Leo Jiménez,2024,TOR,AL,63,179,18,41,11,0,4,19,0,0,12,59,0,16,0,3,6
Niko Kavadas*,2024,LAA,AL,29,89,11,17,2,0,4,8,1,0,11,40,0,2,0,0,0
Martín Maldonado,2024,CHW,AL,48,135,9,16,3,0,4,11,0,0,8,51,0,1,3,0,5
Manuel Margot,2024,MIN,AL,128,311,37,73,17,1,4,31,5,0,21,54,0,3,1,3,10
Noelvi Marté,2024,CIN,NL,65,225,24,48,9,0,4,18,9,3,9,75,0,3,0,1,0
Zach McKinstry*,2024,DET,AL,117,296,32,64,14,5,4,23,16,0,24,69,0,2,0,2,3
Elehuris Montero,2024,COL,NL,67,224,23,46,10,0,4,28,0,0,20,56,0,0,0,3,7
James Outman*,2024,LAD,NL,52,135,12,20,4,0,4,11,2,1,15,54,0,4,0,0,0
Víctor Robles,2024,2TM,2LG,90,250,43,77,19,0,4,27,34,2,21,53,0,11,6,3,2
Víctor Robles,2024,WSN,NL,14,25,3,3,0,0,0,2,4,1,5,9,0,1,1,1,0
Víctor Robles,2024,SEA,AL,76,225,40,74,19,0,4,25,30,1,16,44,0,10,5,2,2
Trey Sweeney*,2024,DET,AL,35,107,10,24,5,0,4,17,2,0,6,31,0,1,0,1,3
Luis Urías,2024,SEA,AL,40,93,11,17,7,0,4,16,0,0,9,34,0,6,0,0,2
Brett Wisely*,2024,SFG,NL,90,249,25,59,13,1,4,30,2,3,13,65,0,2,2,3,3
Whit Merrifield,2024,2TM,NL,94,293,43,65,9,3,4,15,16,3,35,52,0,3,4,0,7
Whit Merrifield,2024,PHI,NL,53,156,21,31,4,1,3,11,11,1,15,19,0,2,1,0,2
Whit Merrifield,2024,ATL,NL,41,137,22,34,5,2,1,4,5,2,20,33,0,1,3,0,5
Tomás Nido,2024,2TM,NL,49,130,14,25,4,0,4,12,0,0,5,35,0,0,3,2,1
Tomás Nido,2024,NYM,NL,32,83,9,19,2,0,3,8,0,0,4,20,0,0,2,1,0
Tomás Nido,2024,CHC,NL,17,47,5,6,2,0,1,4,0,0,1,15,0,0,1,1,1
Joey Loperfido*,2024,2TM,AL,80,239,24,52,13,4,4,24,4,2,13,93,0,4,1,1,3
Joey Loperfido*,2024,HOU,AL,38,106,11,25,5,1,2,16,2,1,7,43,0,3,1,1,1
Joey Loperfido*,2024,TOR,AL,42,133,13,27,8,3,2,8,2,1,6,50,0,1,0,0,2
Luisangel Acuña,2024,NYM,NL,11,35,6,12,2,1,3,6,0,1,1,5,0,0,0,0,1
Blaze Alexander,2024,ARI,NL,61,166,19,41,7,0,3,21,3,1,15,49,0,3,1,0,1
Gabriel Arias,2024,CLE,AL,53,153,15,34,9,1,3,15,5,2,6,53,0,1,0,1,4
Jordan Beck,2024,COL,NL,54,168,14,32,6,0,3,13,7,1,12,63,1,1,0,1,3
Alex Call,2024,WSN,NL,30,99,15,34,9,0,3,14,5,1,12,19,0,2,0,0,2
Dylan Carlson#,2024,2TM,2LG,95,231,19,46,7,0,3,24,2,1,22,74,0,5,0,3,2
Dylan Carlson#,2024,STL,NL,59,121,12,24,5,0,0,11,0,1,12,37,0,2,0,3,2
Dylan Carlson#,2024,TBR,AL,36,110,7,22,2,0,3,13,2,0,10,37,0,3,0,0,0
Griffin Conine*,2024,MIA,NL,29,78,14,22,4,1,3,12,0,0,6,27,0,1,0,0,1
Billy Cook,2024,PIT,NL,15,45,5,10,1,0,3,8,1,0,0,18,0,0,0,0,0
Dylan Crews,2024,WSN,NL,30,116,12,23,5,0,3,8,11,2,11,26,0,0,0,1,4
David Dahl*,2024,PHI,NL,19,58,6,12,2,0,3,8,0,0,3,21,0,0,0,1,0
Ezequiel Durán,2024,TEX,AL,91,264,25,65,11,0,3,20,1,2,14,63,0,2,0,1,6
Estevan Florial*,2024,CLE,AL,36,98,11,17,6,2,3,11,2,1,11,41,0,1,1,0,2
Robbie Grossman#,2024,3TM,AL,87,208,21,44,8,0,3,16,3,0,34,58,0,1,0,2,8
Robbie Grossman#,2024,CHW,AL,25,71,6,15,4,0,0,4,2,0,13,20,0,0,0,1,2
Robbie Grossman#,2024,TEX,AL,46,105,13,25,4,0,3,10,1,0,16,25,0,0,0,1,5
Robbie Grossman#,2024,KCR,AL,16,32,2,4,0,0,0,2,0,0,5,13,0,1,0,0,1
Brett Harris,2024,OAK,AL,36,103,15,15,3,0,3,12,0,3,17,25,0,2,0,1,3
Alex Jackson,2024,TBR,AL,58,139,17,17,7,0,3,12,1,0,12,53,0,2,1,1,2
Nolan Jones*,2024,COL,NL,78,253,28,57,13,1,3,28,5,4,35,90,2,1,1,3,7
Corey Julks,2024,CHW,AL,66,173,17,37,7,0,3,14,5,2,15,50,0,0,0,1,6
Heston Kjerstad*,2024,BAL,AL,38,98,7,24,2,0,3,13,1,0,10,33,2,5,0,0,0
Brooks Lee#,2024,MIN,AL,49,168,9,37,6,1,3,27,3,0,11,26,2,0,0,2,6
Rafael Marchán#,2024,PHI,NL,17,51,8,15,4,0,3,6,0,0,3,8,0,1,1,0,1
Ángel Martínez#,2024,CLE,AL,43,151,16,35,7,0,3,11,3,1,15,33,0,0,1,2,2
Reese McGuire*,2024,BOS,AL,53,139,10,29,3,0,3,18,3,0,13,39,0,2,1,3,4
Danny Mendick,2024,CHW,AL,47,132,13,26,7,0,3,8,6,0,6,35,0,2,1,0,3
Joey Meneses,2024,WSN,NL,76,281,19,65,11,0,3,42,2,0,21,63,1,5,0,6,9
Dane Myers,2024,MIA,NL,43,91,17,24,6,1,3,19,4,1,8,36,0,3,0,2,0
Kevin Newman,2024,ARI,NL,110,288,41,80,17,1,3,28,8,1,15,48,1,0,6,2,7
Geraldo Perdomo#,2024,ARI,NL,97,334,61,91,21,2,3,36,9,1,36,57,0,3,6,5,5
Bryan Ramos,2024,CHW,AL,31,95,11,18,4,0,3,9,0,2,6,21,0,0,0,1,3
Johan Rojas,2024,PHI,NL,120,338,47,82,12,3,3,32,25,4,13,69,0,4,8,0,7
Ben Rortvedt*,2024,TBR,AL,112,290,27,66,13,0,3,31,1,0,34,88,0,4,0,0,6
Eguy Rosario,2024,SDP,NL,30,53,5,13,6,0,3,6,0,0,2,20,0,1,1,0,1
Chris Taylor,2024,LAD,NL,86,211,27,42,7,1,3,22,5,1,27,75,0,2,1,2,5
José Tena*,2024,2TM,2LG,43,157,14,43,5,0,3,15,6,1,7,38,0,0,0,0,1
José Tena*,2024,CLE,AL,3,4,0,0,0,0,0,0,0,0,0,2,0,0,0,0,0
José Tena*,2024,WSN,NL,40,153,14,43,5,0,3,15,6,1,7,36,0,0,0,0,1
Alek Thomas*,2024,ARI,NL,38,95,12,18,5,1,3,17,4,1,7,17,0,0,1,0,7
Luis Torrens,2024,NYM,NL,45,115,14,27,8,0,3,15,0,1,9,27,0,2,0,1,5
Weston Wilson,2024,PHI,NL,39,85,13,24,6,1,3,8,3,0,8,28,0,1,0,1,2
Jacob Young,2024,WSN,NL,149,465,74,119,24,1,3,36,33,10,29,101,0,12,9,2,11
Amed Rosario,2024,3TM,2LG,103,332,29,93,18,3,3,32,13,5,9,73,0,4,0,1,10
Amed Rosario,2024,2TM,NL,27,68,7,12,1,0,1,6,4,1,2,25,0,1,0,0,1
Amed Rosario,2024,TBR,AL,76,264,22,81,17,3,2,26,9,4,7,48,0,3,0,1,9
Amed Rosario,2024,LAD,NL,5,11,1,3,1,0,0,2,1,1,1,2,0,0,0,0,0
Amed Rosario,2024,CIN,NL,22,57,6,9,0,0,1,4,3,0,1,23,0,1,0,0,1
Kyle Stowers*,2024,2TM,2LG,69,192,15,40,11,2,3,24,0,1,13,74,0,3,0,1,2
Kyle Stowers*,2024,BAL,AL,19,36,3,11,4,0,1,9,0,1,0,13,0,0,0,1,0
Kyle Stowers*,2024,MIA,NL,50,156,12,29,7,2,2,15,0,0,13,61,0,3,0,0,2
José Abreu,2024,HOU,AL,35,113,10,14,2,0,2,7,0,0,4,28,0,2,0,1,4
Riley Adams,2024,WSN,NL,41,116,10,26,5,1,2,8,1,0,10,35,1,2,0,2,4
Akil Baddoo*,2024,DET,AL,31,73,7,10,2,2,2,5,1,0,8,27,0,0,0,1,0
Luken Baker,2024,STL,NL,20,37,3,7,1,1,2,10,1,0,7,11,0,0,0,2,1
Brooks Baldwin#,2024,CHW,AL,33,114,9,24,6,0,2,8,4,0,6,31,0,0,1,0,1
Ryan Bliss,2024,SEA,AL,33,63,10,14,3,1,2,9,5,3,5,22,0,1,2,0,1
Vidal Bruján#,2024,MIA,NL,102,248,32,55,14,2,2,16,5,6,25,54,3,4,1,0,5
Kris Bryant,2024,COL,NL,37,133,9,29,5,0,2,15,0,0,13,48,0,8,0,1,6
Zach Dezenzo,2024,HOU,AL,19,62,5,15,2,0,2,8,0,0,3,22,0,0,0,0,3
Jasson Domínguez#,2024,NYY,AL,17,53,7,10,1,0,2,4,5,0,10,19,0,0,0,0,0
Christian Encarnacion-Strand,2024,CIN,NL,29,116,13,22,6,0,2,16,0,0,4,35,0,1,0,2,4
Sal Frelick*,2024,MIL,NL,145,475,66,123,22,4,2,32,18,3,39,78,0,4,2,1,8
Avisaíl García,2024,MIA,NL,18,50,4,12,1,0,2,2,0,0,1,13,0,0,0,0,4
Yan Gomes,2024,CHC,NL,34,91,7,14,2,0,2,7,0,0,2,36,0,1,1,1,2
Austin Hedges,2024,CLE,AL,66,132,12,20,3,0,2,15,2,0,6,50,0,3,3,2,2
Charles Leblanc,2024,LAA,AL,11,21,6,4,0,0,2,6,0,0,7,9,0,0,0,0,0
Jung Hoo Lee*,2024,SFG,NL,37,145,15,38,4,0,2,8,2,3,10,13,0,1,0,2,2
DJ LeMahieu,2024,NYY,AL,67,201,19,41,5,0,2,26,0,1,19,35,0,1,1,6,13
Tyler Locklear,2024,SEA,AL,16,45,3,7,1,0,2,3,1,0,3,20,0,1,0,0,3
Luke Maile,2024,CIN,NL,52,131,8,22,4,0,2,8,2,0,13,51,0,4,1,1,4
Ryan McKenna,2024,2TM,2LG,13,14,4,3,0,0,2,2,1,1,1,5,0,0,0,0,0
Ryan McKenna,2024,BAL,AL,9,8,3,3,0,0,2,2,0,1,1,1,0,0,0,0,0
Ryan McKenna,2024,SFG,NL,4,6,1,0,0,0,0,0,1,0,0,4,0,0,0,0,0
Joshua Palacios*,2024,PIT,NL,22,64,10,14,1,0,2,7,1,0,9,11,0,1,0,0,1
Graham Pauley*,2024,SDP,NL,13,32,4,4,0,0,2,5,0,0,0,15,0,0,0,0,1
René Pinto,2024,TBR,AL,19,42,5,9,3,0,2,6,0,0,4,18,0,1,1,1,0
Esteury Ruiz,2024,OAK,AL,29,55,10,11,2,1,2,8,5,4,4,20,0,2,2,2,1
Miguel Sanó,2024,LAA,AL,28,83,9,17,3,0,2,6,0,0,9,36,0,2,0,1,2
Aaron Schunk,2024,COL,NL,38,90,14,22,3,0,2,7,0,1,4,29,1,0,0,0,0
Victor Scott II*,2024,STL,NL,53,145,14,26,9,0,2,10,5,1,6,42,0,2,0,2,0
Michael Siani*,2024,STL,NL,123,296,41,68,7,2,2,20,20,3,20,91,0,3,11,1,2
Trevor Story,2024,BOS,AL,26,94,8,24,7,0,2,10,6,3,11,33,2,1,0,0,2
Matt Thaiss*,2024,LAA,AL,56,154,14,31,8,0,2,16,3,0,27,58,0,0,0,1,2
Eric Wagaman,2024,LAA,AL,17,68,6,17,5,0,2,10,0,0,2,16,0,0,0,0,1
Will Wagner*,2024,TOR,AL,24,82,8,25,6,0,2,11,0,0,4,16,0,0,0,0,3
Jamie Westbrook,2024,BOS,AL,21,40,4,6,2,0,2,7,0,0,4,14,0,1,0,2,0
Nick Yorke,2024,PIT,NL,10,35,4,8,0,0,2,6,2,0,2,11,0,0,0,1,0
Nick Ahmed,2024,3TM,NL,70,207,19,47,6,1,2,17,2,1,11,50,0,1,3,3,6
Nick Ahmed,2024,SDP,NL,1,4,0,0,0,0,0,0,0,0,0,1,0,0,0,0,0
Nick Ahmed,2024,SFG,NL,52,155,13,36,6,1,1,15,1,1,10,35,0,1,3,3,6
Nick Ahmed,2024,LAD,NL,17,48,6,11,0,0,1,2,1,0,1,14,0,0,0,0,0
Harold Ramírez,2024,2TM,2LG,73,238,28,62,7,1,2,29,6,2,5,50,0,2,0,1,2
Harold Ramírez,2024,TBR,AL,48,164,21,44,3,0,1,13,5,2,3,33,0,1,0,1,2
Harold Ramírez,2024,WSN,NL,25,74,7,18,4,1,1,16,1,0,2,17,0,1,0,0,0
Austin Slater,2024,3TM,2LG,83,176,24,37,4,0,2,18,3,2,26,60,0,5,0,4,5
Austin Slater,2024,2TM,NL,51,108,14,20,1,0,1,12,2,1,18,37,0,3,0,4,3
Austin Slater,2024,SFG,NL,43,90,12,18,1,0,1,9,2,1,16,31,0,3,0,3,3
Austin Slater,2024,CIN,NL,8,18,2,2,0,0,0,3,0,0,2,6,0,0,0,1,0
Austin Slater,2024,BAL,AL,32,68,10,17,3,0,1,6,1,1,8,23,0,2,0,0,2
Jordyn Adams,2024,LAA,AL,11,35,4,8,0,0,1,4,2,0,3,12,0,0,0,0,1
Ehire Adrianza#,2024,LAA,AL,8,26,4,5,1,0,1,2,0,0,2,11,0,0,0,0,1
Nick Allen,2024,OAK,AL,40,94,6,16,4,0,1,4,0,0,5,20,0,0,3,0,0
Austin Barnes,2024,LAD,NL,53,137,11,36,3,0,1,11,2,0,14,35,0,0,2,0,2
Jon Berti,2024,NYY,AL,24,63,10,18,0,0,1,6,5,1,5,14,0,1,1,0,1
Sean Bouchard,2024,COL,NL,31,91,14,17,7,0,1,8,4,0,12,33,0,2,1,2,0
Trey Cabbage*,2024,HOU,AL,45,86,12,18,8,0,1,8,1,1,4,34,0,1,0,0,1
Gustavo Campero#,2024,LAA,AL,12,42,6,11,0,1,1,6,3,0,0,8,0,2,0,0,0
Alexander Canario,2024,CHC,NL,15,25,4,7,1,0,1,2,1,0,2,11,0,1,0,0,0
Curt Casali,2024,SFG,NL,40,105,12,20,3,0,1,8,0,0,13,22,0,2,2,0,2
Jonatan Clase#,2024,2TM,AL,25,57,7,14,2,0,1,5,3,1,3,16,0,2,0,0,1
Jonatan Clase#,2024,SEA,AL,19,41,4,8,1,0,0,3,3,0,2,14,0,0,0,0,1
Jonatan Clase#,2024,TOR,AL,6,16,3,6,1,0,1,2,0,1,1,2,0,2,0,0,0
Garrett Cooper,2024,2TM,2LG,36,107,6,22,5,1,1,11,0,0,7,35,0,2,0,0,3
Garrett Cooper,2024,CHC,NL,12,37,3,10,1,1,1,6,0,0,4,13,0,0,0,0,1
Garrett Cooper,2024,BOS,AL,24,70,3,12,4,0,0,5,0,0,3,22,0,2,0,0,2
Brandon Crawford*,2024,STL,NL,28,71,5,12,5,0,1,4,0,0,8,26,0,1,0,0,0
Bobby Dalbec,2024,BOS,AL,37,83,6,11,2,0,1,8,3,0,8,43,0,1,1,0,1
Henry Davis,2024,PIT,NL,37,104,9,15,4,0,1,5,0,0,13,45,0,1,1,2,1
Zach DeLoach*,2024,CHW,AL,21,63,8,13,5,0,1,5,0,1,7,20,0,0,0,0,0
Dillon Dingler,2024,DET,AL,27,84,2,14,5,2,1,11,0,0,3,30,0,0,0,0,2
Logan Driscoll*,2024,TBR,AL,14,32,2,6,0,0,1,5,0,0,0,6,0,0,0,1,0
Blake Dunn,2024,CIN,NL,18,26,7,4,1,0,1,1,2,0,2,11,0,1,0,0,1
Oliver Dunn*,2024,MIL,NL,41,95,11,21,2,2,1,7,3,0,6,40,0,2,1,0,1
Xavier Edwards#,2024,MIA,NL,69,261,38,85,12,5,1,26,31,4,33,52,1,0,1,4,0
Dominic Fletcher*,2024,CHW,AL,71,219,14,45,8,0,1,16,0,0,11,58,1,3,2,0,5
Mike Ford*,2024,CIN,NL,17,60,2,9,0,1,1,4,0,0,2,15,0,0,0,0,1
Ben Gamel*,2024,2TM,2LG,38,81,22,20,4,0,1,4,1,0,18,24,1,0,0,0,0
Ben Gamel*,2024,NYM,NL,18,23,9,5,1,0,0,0,1,0,7,7,0,0,0,0,0
Ben Gamel*,2024,HOU,AL,20,58,13,15,3,0,1,4,0,0,11,17,1,0,0,0,0
Stone Garrett,2024,WSN,NL,1,4,2,3,1,0,1,3,0,0,1,0,0,0,0,0,0
David Hensley,2024,MIA,NL,23,52,9,11,1,0,1,4,1,0,6,17,0,0,0,0,0
Darell Hernaiz,2024,OAK,AL,47,119,8,22,2,0,1,10,1,1,11,27,0,1,1,2,4
José Herrera#,2024,ARI,NL,42,97,11,22,4,1,1,13,0,0,9,27,0,0,7,1,1
Aaron Hicks#,2024,LAA,AL,18,57,6,8,0,0,1,5,0,0,6,23,0,0,0,0,1
Travis Jankowski*,2024,TEX,AL,103,188,18,38,5,0,1,12,11,1,11,44,0,4,0,0,3
Jahmai Jones,2024,NYY,AL,33,42,8,10,1,1,1,4,1,1,2,16,0,2,1,0,0
Greg Jones#,2024,COL,NL,6,5,1,1,0,0,1,1,0,0,1,4,0,0,0,0,0
Buddy Kennedy,2024,2TM,2LG,13,20,3,4,1,0,1,6,1,0,4,6,0,0,0,1,0
Buddy Kennedy,2024,DET,AL,6,10,2,2,0,0,1,4,1,0,2,4,0,0,0,1,0
Buddy Kennedy,2024,PHI,NL,7,10,1,2,1,0,0,2,0,0,2,2,0,0,0,0,0
Andrew Knizner,2024,TEX,AL,35,90,5,15,1,0,1,9,0,0,1,22,0,1,0,1,2
Ryan Kreidler,2024,DET,AL,35,59,9,7,0,0,1,2,5,3,6,19,0,0,0,0,2
Trey Lipscomb,2024,WSN,NL,60,190,20,38,3,0,1,10,11,2,16,40,0,2,1,1,7
Brandon Lockridge,2024,SDP,NL,11,9,4,2,0,0,1,1,2,0,0,2,0,0,0,0,0
Nick Loftin,2024,KCR,AL,56,148,15,28,4,0,1,14,1,0,19,24,0,1,1,2,4
Nicky Lopez*,2024,CHW,AL,124,398,40,96,12,3,1,21,5,7,37,67,0,4,6,0,3
Jack López,2024,LAA,AL,26,63,4,16,3,0,1,6,0,1,2,24,0,1,1,0,2
Nathan Lukes*,2024,TOR,AL,21,76,13,23,4,2,1,10,1,0,10,9,0,0,2,3,1
Bligh Madris*,2024,DET,AL,21,67,8,18,3,0,1,5,0,0,6,20,0,0,0,1,0
Austin Martin,2024,MIN,AL,92,229,41,57,17,1,1,16,7,3,20,46,0,2,2,0,4
Curtis Mead,2024,TBR,AL,38,122,10,29,3,0,1,7,2,0,6,30,0,2,0,1,2
Drew Millas#,2024,WSN,NL,19,53,7,12,1,0,1,1,4,0,5,14,0,0,0,0,1
Andruw Monasterio,2024,MIL,NL,58,124,14,26,5,0,1,16,6,2,16,39,0,1,0,0,3
Tom Murphy,2024,SFG,NL,13,34,3,4,1,0,1,2,0,0,4,14,0,0,0,0,0
Ryan Noda*,2024,OAK,AL,36,95,8,13,4,0,1,4,0,0,14,37,0,1,1,0,0
Cristian Pache,2024,3TM,2LG,88,165,13,33,8,1,1,16,1,0,17,64,0,0,0,1,2
Cristian Pache,2024,2TM,NL,85,164,13,32,8,1,1,16,1,0,17,64,0,0,0,1,2
Cristian Pache,2024,PHI,NL,50,104,9,21,5,1,0,9,0,0,13,43,0,0,0,1,1
Cristian Pache,2024,BAL,AL,3,1,0,1,0,0,0,0,0,0,0,0,0,0,0,0,0
Cristian Pache,2024,MIA,NL,35,60,4,11,3,0,1,7,1,0,4,21,0,0,0,0,1
Kyren Paris,2024,LAA,AL,21,51,4,6,2,0,1,5,1,0,7,17,0,0,0,0,1
Oswald Peraza,2024,NYY,AL,4,10,2,2,0,0,1,1,0,0,1,3,0,0,0,0,0
Jakson Reetz,2024,SFG,NL,6,14,1,2,1,0,1,1,0,0,1,5,0,0,0,0,1
Thomas Saggese,2024,STL,NL,17,46,4,10,2,0,1,4,0,0,1,13,0,1,0,0,0
Austin Shenton*,2024,TBR,AL,19,42,3,9,5,0,1,3,0,0,8,14,0,0,0,0,1
Braden Shewmake*,2024,CHW,AL,29,64,4,8,2,0,1,4,5,1,1,10,0,0,0,2,0
Garrett Stubbs*,2024,PHI,NL,53,160,17,33,4,1,1,11,5,0,17,50,0,4,0,1,0
Brett Sullivan*,2024,SDP,NL,7,16,1,3,0,0,1,2,0,0,1,4,0,0,0,0,0
Ildemaro Vargas#,2024,WSN,NL,95,272,21,67,16,0,1,30,9,4,19,31,0,2,5,5,9
Ryan Vilade,2024,DET,AL,17,45,5,8,0,0,1,5,0,0,2,12,0,0,1,1,2
David Villar,2024,SFG,NL,11,35,3,9,4,0,1,4,0,0,1,13,0,0,0,1,0
Daniel Vogelbach*,2024,TOR,AL,31,70,5,13,5,0,1,8,0,0,9,17,0,0,0,0,4
Taylor Walls#,2024,TBR,AL,84,218,27,40,5,3,1,14,16,4,31,67,0,0,0,3,3
Jared Walsh*,2024,TEX,AL,17,53,9,12,2,0,1,7,0,0,7,21,0,0,0,0,2
Donovan Walton*,2024,SFG,NL,8,20,3,2,0,0,1,2,0,0,2,7,0,1,0,0,2
Davis Wendzel,2024,TEX,AL,27,47,2,6,2,0,1,2,0,0,1,12,0,1,0,0,1
Eli White,2024,ATL,NL,32,37,8,10,1,1,1,4,2,1,1,11,0,1,0,0,1
Seby Zavala,2024,SEA,AL,18,39,4,6,2,0,1,2,0,0,3,16,0,0,1,0,2
Kevin Alcántara,2024,CHC,NL,2,7,1,1,0,0,0,0,0,0,0,1,0,0,0,0,0
CJ Alexander*,2024,KCR,AL,4,8,0,1,0,0,0,0,0,0,0,3,0,0,0,0,0
Nacho Alvarez Jr.,2024,ATL,NL,8,30,1,3,0,0,0,0,0,0,0,10,0,2,0,0,1
Eddy Alvarez*,2024,NYM,NL,9,6,2,0,0,0,0,0,0,0,1,1,0,0,0,0,0
Armando Alvarez,2024,OAK,AL,16,37,7,9,1,0,0,2,1,0,2,8,0,0,0,0,1
Adael Amador#,2024,COL,NL,10,35,1,6,1,0,0,0,1,0,1,6,0,0,0,0,1
Jacob Amaya,2024,2TM,AL,23,63,4,11,1,0,0,2,1,0,4,25,0,0,0,0,3
Jacob Amaya,2024,HOU,AL,1,1,0,0,0,0,0,0,0,0,0,0,0,0,0,0,0
Jacob Amaya,2024,CHW,AL,22,62,4,11,1,0,0,2,1,0,4,25,0,0,0,0,3
Tim Anderson,2024,MIA,NL,65,234,16,50,3,0,0,9,4,4,7,68,0,0,0,0,6
Brian Anderson,2024,ATL,NL,3,5,0,0,0,0,0,0,0,0,0,2,0,0,0,0,1
Chase Anderson,2024,BOS,AL,1,0,0,0,0,0,0,0,0,0,0,0,0,0,0,0,0
Pedro Avila,2024,CLE,AL,1,0,0,0,0,0,0,0,0,0,0,0,0,0,0,0,0
José Azocar,2024,SDP,NL,61,73,13,16,2,0,0,2,5,1,5,19,0,0,1,0,1
Ji Hwan Bae*,2024,PIT,NL,29,74,11,14,2,0,0,6,6,2,6,24,0,0,0,1,0
Darren Baker*,2024,WSN,NL,8,13,1,6,2,0,0,0,0,0,0,3,0,0,0,0,0
David Bañuelos,2024,BAL,AL,1,1,0,0,0,0,0,0,0,0,0,0,0,0,0,0,0
Tucker Barnhart*,2024,ARI,NL,31,81,13,14,3,0,0,6,1,0,13,31,0,0,2,0,0
Jorge Barrosa#,2024,ARI,NL,8,17,3,3,2,0,0,1,1,0,0,2,0,0,1,0,0
Matthew Batten,2024,SDP,NL,1,3,0,1,0,1,0,0,0,0,0,0,0,0,0,0,0
Mike Baumann,2024,2TM,AL,2,0,0,0,0,0,0,0,0,0,0,0,0,0,0,0,0
Mike Baumann,2024,BAL,AL,1,0,0,0,0,0,0,0,0,0,0,0,0,0,0,0,0
Mike Baumann,2024,SEA,AL,1,0,0,0,0,0,0,0,0,0,0,0,0,0,0,0,0
Jalen Beeks*,2024,COL,NL,2,0,0,0,0,0,0,0,0,0,0,0,0,0,0,0,0
Brennan Bernardino*,2024,BOS,AL,1,0,0,0,0,0,0,0,0,0,0,0,0,0,0,0,0
Steward Berroa#,2024,TOR,AL,27,33,7,5,1,0,0,1,6,2,8,13,0,0,0,0,0
Tyler Black*,2024,MIL,NL,18,49,4,10,2,0,0,2,3,0,7,17,0,1,0,0,0
Travis Blankenhorn*,2024,WSN,NL,13,31,2,4,1,0,0,5,0,0,1,9,0,0,0,0,0
David Bote,2024,CHC,NL,37,46,4,14,4,0,0,6,0,0,2,13,0,0,0,0,1
Rob Brantly*,2024,TBR,AL,3,9,0,1,0,0,0,0,0,0,0,2,0,0,0,0,0
John Brebbia*,2024,CHW,AL,1,0,0,0,0,0,0,0,0,0,0,0,0,0,0,0,0
Jhony Brito,2024,SDP,NL,1,0,0,0,0,0,0,0,0,0,0,0,0,0,0,0,0
Trenton Brooks*,2024,SFG,NL,12,25,3,3,0,0,0,1,1,0,4,6,0,0,0,0,1
Kris Bubic*,2024,KCR,AL,1,0,0,0,0,0,0,0,0,0,0,0,0,0,0,0,0
Génesis Cabrera*,2024,TOR,AL,1,0,0,0,0,0,0,0,0,0,0,0,0,0,0,0,0
Jair Camargo,2024,MIN,AL,5,6,1,0,0,0,0,0,0,0,1,3,0,0,0,0,0
Isaiah Campbell,2024,BOS,AL,2,0,0,0,0,0,0,0,0,0,0,0,0,0,0,0,0
Conner Capel*,2024,CIN,NL,5,8,1,2,0,0,0,0,1,0,0,2,0,0,0,0,0
Vinny Capra,2024,MIL,NL,3,9,1,1,1,0,0,0,0,0,0,3,0,0,0,0,1
Diego Castillo,2024,MIN,AL,4,6,3,2,1,0,0,2,0,0,2,1,0,0,0,0,0
Luis Castillo,2024,SEA,AL,1,1,0,0,0,0,0,0,0,0,0,1,0,0,0,0,0
Oscar Colás*,2024,CHW,AL,13,33,1,9,0,0,0,4,0,1,4,10,0,1,0,0,0
Isaac Collins#,2024,MIL,NL,10,13,0,2,0,0,0,0,1,0,2,7,0,0,0,0,0
Danny Coulombe*,2024,BAL,AL,1,0,0,0,0,0,0,0,0,0,0,0,0,0,0,0,0
Jeff Criswell,2024,COL,NL,1,0,0,0,0,0,0,0,0,0,0,0,0,0,0,0,0
Fernando Cruz#,2024,CIN,NL,1,0,0,0,0,0,0,0,0,0,0,0,0,0,0,0,0
Jason Delay,2024,PIT,NL,7,15,1,3,3,0,0,6,0,0,3,0,0,0,1,0,0
Luis De Los Santos,2024,TOR,AL,12,26,1,4,1,0,0,1,0,0,2,9,0,0,0,0,2
José Devers*,2024,MIA,NL,3,4,1,1,0,0,0,0,0,0,0,1,0,0,0,0,0
Edwin Díaz,2024,NYM,NL,1,0,0,0,0,0,0,0,0,0,0,0,0,0,0,0,0
Aledmys Díaz,2024,2TM,AL,14,33,2,3,0,0,0,1,0,0,1,9,0,0,0,0,0
Aledmys Díaz,2024,OAK,AL,12,29,2,3,0,0,0,1,0,0,1,7,0,0,0,0,0
Aledmys Díaz,2024,HOU,AL,2,4,0,0,0,0,0,0,0,0,0,2,0,0,0,0,0
Alexis Díaz,2024,CIN,NL,1,0,0,0,0,0,0,0,0,0,0,0,0,0,0,0,0
Jake Diekman,2024,NYM,NL,1,0,0,0,0,0,0,0,0,0,0,0,0,0,0,0,0
Seranthony Domínguez,2024,BAL,AL,1,0,0,0,0,0,0,0,0,0,0,0,0,0,0,0,0
Matt Duffy,2024,TEX,AL,4,7,2,2,0,0,0,0,0,0,2,1,0,1,0,0,0
Duke Ellis*,2024,2TM,AL,11,5,1,1,0,0,0,0,5,0,0,2,0,0,0,0,0
Duke Ellis*,2024,CHW,AL,8,4,1,0,0,0,0,0,4,0,0,2,0,0,0,0,0
Duke Ellis*,2024,NYY,AL,3,1,0,1,0,0,0,0,1,0,0,0,0,0,0,0,0
Mason Englert#,2024,DET,AL,1,0,0,0,0,0,0,0,0,0,0,0,0,0,0,0,0
Sandro Fabian,2024,TEX,AL,3,5,0,0,0,0,0,0,0,0,0,0,0,0,0,0,0
Hunter Feduccia*,2024,LAD,NL,5,12,2,4,0,0,0,1,0,0,2,2,0,0,0,0,1
José Fermín,2024,STL,NL,44,67,6,10,1,1,0,3,2,1,7,9,0,1,0,0,3
Ryan Fernandez,2024,STL,NL,2,0,0,0,0,0,0,0,0,0,0,0,0,0,0,0,0
Kyle Finnegan,2024,WSN,NL,1,0,0,0,0,0,0,0,0,0,0,0,0,0,0,0,0
David Fletcher,2024,ATL,NL,5,8,0,2,0,0,0,2,0,0,0,1,0,0,0,1,0
Jason Foley,2024,DET,AL,1,0,0,0,0,0,0,0,0,0,0,0,0,0,0,0,0
Justin Foscue,2024,TEX,AL,15,42,3,2,1,0,0,1,0,0,2,18,0,0,0,0,0
Kyle Freeland*,2024,COL,NL,2,0,0,0,0,0,0,0,0,0,0,0,0,0,0,0,0
Luis Frías,2024,ARI,NL,1,0,0,0,0,0,0,0,0,0,0,0,0,0,0,0,0
Hunter Gaddis,2024,CLE,AL,1,0,0,0,0,0,0,0,0,0,0,0,0,0,0,0,0
Aramis Garcia,2024,PHI,NL,3,7,0,0,0,0,0,0,0,0,0,3,0,0,0,0,1
Mickey Gasper#,2024,BOS,AL,12,16,1,0,0,0,0,0,0,0,3,7,0,1,0,0,0
Tyler Gentry,2024,KCR,AL,3,5,0,0,0,0,0,0,0,0,0,2,0,0,0,0,0
Kevin Ginkel*,2024,ARI,NL,2,0,0,0,0,0,0,0,0,0,0,0,0,0,0,0,0
Niko Goodrum#,2024,2TM,AL,13,29,2,3,0,0,0,0,1,1,3,10,0,0,1,0,0
Niko Goodrum#,2024,TBR,AL,9,16,1,3,0,0,0,0,0,1,1,6,0,0,1,0,0
Niko Goodrum#,2024,LAA,AL,4,13,1,0,0,0,0,0,1,0,2,4,0,0,0,0,0
Yuli Gurriel,2024,KCR,AL,17,50,7,13,3,0,0,6,1,0,9,12,0,0,0,2,1
Tristan Gray*,2024,2TM,2LG,15,28,0,3,1,0,0,0,0,0,3,16,0,0,0,0,0
Tristan Gray*,2024,MIA,NL,7,7,0,0,0,0,0,0,0,0,0,3,0,0,0,0,0
Tristan Gray*,2024,OAK,AL,8,21,0,3,1,0,0,0,0,0,3,13,0,0,0,0,0
Chad Green*,2024,TOR,AL,1,0,0,0,0,0,0,0,0,0,0,0,0,0,0,0,0
Vaughn Grissom,2024,BOS,AL,30,102,8,19,2,0,0,5,2,0,6,23,0,1,0,1,3
Luis Guillorme*,2024,3TM,2LG,77,161,14,33,9,1,0,10,4,2,23,36,0,0,1,2,7
Luis Guillorme*,2024,2TM,NL,27,57,8,9,4,0,0,7,3,0,12,13,0,0,0,1,3
Luis Guillorme*,2024,ATL,NL,9,20,2,3,2,0,0,3,0,0,1,5,0,0,0,0,1
Luis Guillorme*,2024,LAA,AL,50,104,6,24,5,1,0,3,1,2,11,23,0,0,1,1,4
Luis Guillorme*,2024,ARI,NL,18,37,6,6,2,0,0,4,3,0,11,8,0,0,0,1,2
Josh Hader*,2024,HOU,AL,3,0,0,0,0,0,0,0,0,0,0,0,0,0,0,0,0
Sam Haggerty#,2024,SEA,AL,8,15,1,1,0,0,0,1,1,0,1,4,0,0,0,0,0
Seth Halvorsen,2024,COL,NL,1,0,0,0,0,0,0,0,0,0,0,0,0,0,0,0,0
Garrett Hampson,2024,KCR,AL,113,213,16,49,13,1,0,16,7,2,14,59,0,0,2,2,3
Dustin Harris*,2024,TEX,AL,1,2,0,0,0,0,0,0,0,0,1,1,0,0,0,0,0
Hunter Harvey,2024,KCR,AL,1,0,0,0,0,0,0,0,0,0,0,0,0,0,0,0,0
Jonathan Heasley,2024,BAL,AL,1,0,0,0,0,0,0,0,0,0,0,0,0,0,0,0,0
Tyler Heineman#,2024,2TM,AL,6,9,2,1,0,0,0,0,0,0,3,5,0,1,0,0,0
Tyler Heineman#,2024,BOS,AL,2,2,0,0,0,0,0,0,0,0,0,1,0,1,0,0,0
Tyler Heineman#,2024,TOR,AL,4,7,2,1,0,0,0,0,0,0,3,4,0,0,0,0,0
Michael Helman,2024,MIN,AL,8,9,2,3,2,0,0,0,0,0,0,3,0,0,0,0,0
Ryan Helsley,2024,STL,NL,2,0,0,0,0,0,0,0,0,0,0,0,0,0,0,0,0
Kevin Herget*,2024,MIL,NL,1,0,0,0,0,0,0,0,0,0,0,0,0,0,0,0,0
Jonathan Hernández,2024,TEX,AL,1,0,0,0,0,0,0,0,0,0,0,0,0,0,0,0,0
Brewer Hicklen,2024,MIL,NL,3,5,0,0,0,0,0,0,1,0,0,4,0,0,0,0,0
Keston Hiura,2024,LAA,AL,10,27,1,4,0,0,0,1,0,1,0,10,0,0,0,0,0
Porter Hodge,2024,CHC,NL,1,0,0,0,0,0,0,0,0,0,0,0,0,0,0,0,0
Spencer Howard,2024,CLE,AL,1,0,0,0,0,0,0,0,0,0,0,0,0,0,0,0,0
Joe Hudson,2024,NYM,NL,1,0,0,0,0,0,0,0,0,0,0,0,0,0,0,0,0
Sam Huff,2024,TEX,AL,3,3,0,0,0,0,0,0,0,0,1,2,0,0,0,0,0
Cooper Hummel#,2024,HOU,AL,6,8,0,0,0,0,0,0,1,0,0,2,0,0,0,0,1
Jacob Hurtubise*,2024,CIN,NL,29,54,7,10,1,1,0,4,2,0,6,18,0,3,4,1,0
Kenley Jansen#,2024,BOS,AL,1,0,0,0,0,0,0,0,0,0,0,0,0,0,0,0,0
Bryce Jarvis*,2024,ARI,NL,2,0,0,0,0,0,0,0,0,0,0,0,0,0,0,0,0
Bryce Johnson#,2024,SDP,NL,47,63,9,13,2,0,0,4,1,1,7,12,0,0,3,0,1
Daniel Johnson*,2024,BAL,AL,1,1,1,0,0,0,0,0,0,0,0,0,0,0,0,0,0
Levi Jordan,2024,CIN,NL,7,10,1,1,1,0,0,1,0,0,0,3,0,0,0,1,0
Jace Jung*,2024,DET,AL,33,79,14,19,5,0,0,3,0,1,14,29,0,0,0,0,3
DaShawn Keirsey*,2024,MIN,AL,5,11,0,1,0,0,0,0,0,0,0,1,0,1,0,0,0
Tony Kemp*,2024,BAL,AL,5,9,1,0,0,0,0,0,0,0,1,1,0,0,0,0,0
Grae Kessinger,2024,HOU,AL,22,21,4,0,0,0,0,0,0,0,3,7,0,1,0,0,1
Craig Kimbrel,2024,BAL,AL,1,0,0,0,0,0,0,0,0,0,0,0,0,0,0,0,0
Bryan King,2024,HOU,AL,1,0,0,0,0,0,0,0,0,0,0,0,0,0,0,0,0
John King*,2024,STL,NL,1,0,0,0,0,0,0,0,0,0,0,0,0,0,0,0,0
Tyler Kinley,2024,COL,NL,2,0,0,0,0,0,0,0,0,0,0,0,0,0,0,0,0
Andrew Kittredge,2024,STL,NL,1,0,0,0,0,0,0,0,0,0,0,0,0,0,0,0,0
Andrew Knapp#,2024,SFG,NL,3,6,0,1,0,0,0,0,0,0,0,2,0,0,0,0,0
Grant Koch,2024,PIT,NL,3,7,1,0,0,0,0,0,0,0,1,6,0,0,0,0,0
Matt Koch*,2024,COL,NL,1,0,0,0,0,0,0,0,0,0,0,0,0,0,0,0,0
Michael Kopech,2024,CHW,AL,1,0,0,0,0,0,0,0,0,0,0,0,0,0,0,0,0
Peter Lambert,2024,COL,NL,1,0,0,0,0,0,0,0,0,0,0,0,0,0,0,0,0
Jacob Latz,2024,TEX,AL,1,0,0,0,0,0,0,0,0,0,0,0,0,0,0,0,0
Derek Law,2024,WSN,NL,1,0,0,0,0,0,0,0,0,0,0,0,0,0,0,0,0
Justin Lawrence,2024,COL,NL,2,0,0,0,0,0,0,0,0,0,0,0,0,0,0,0,0
Kyle Leahy#,2024,STL,NL,1,0,0,0,0,0,0,0,0,0,0,0,0,0,0,0,0
José Leclerc,2024,TEX,AL,1,0,0,0,0,0,0,0,0,0,0,0,0,0,0,0,0
Pedro León,2024,HOU,AL,7,20,2,2,0,0,0,0,2,0,1,10,0,0,0,0,2
Jorge López,2024,NYM,NL,1,0,0,0,0,0,0,0,0,0,0,0,0,0,0,0,0
Marco Luciano,2024,SFG,NL,27,76,10,16,5,1,0,3,0,1,5,28,0,0,0,0,1
Nick Madrigal,2024,CHC,NL,51,86,5,19,3,0,0,10,1,0,4,10,0,3,1,0,2
Joe Mantiply,2024,ARI,NL,1,0,0,0,0,0,0,0,0,0,0,0,0,0,0,0,0
Cade Marlowe*,2024,SEA,AL,8,8,1,2,0,0,0,0,0,0,1,1,0,0,0,0,1
Orelvis Martínez,2024,TOR,AL,1,3,0,1,0,0,0,0,0,0,0,1,0,0,0,0,0
Justin Martínez,2024,ARI,NL,2,0,0,0,0,0,0,0,0,0,0,0,0,0,0,0,0
Chris Martin,2024,BOS,AL,2,0,0,0,0,0,0,0,0,0,0,0,0,0,0,0,0
J.P. Martínez*,2024,ATL,NL,7,10,2,2,1,0,0,0,1,0,0,4,0,0,0,0,0
Miles Mastrobuoni*,2024,CHC,NL,50,98,9,19,3,0,0,4,2,0,7,17,0,0,0,1,1
Nick Maton*,2024,BAL,AL,5,5,0,0,0,0,0,0,0,0,0,2,0,0,0,0,0
Coby Mayo,2024,BAL,AL,17,41,4,4,0,0,0,0,0,0,4,22,0,1,0,0,1
James McArthur,2024,KCR,AL,2,0,0,0,0,0,0,0,0,0,0,0,0,0,0,0,0
Mason McCoy,2024,SDP,NL,19,49,7,10,2,0,0,3,1,0,5,19,0,0,3,0,2
Scott McGough,2024,ARI,NL,2,1,0,0,0,0,0,0,0,0,0,1,0,0,0,0,0
Billy McKinney*,2024,PIT,NL,10,25,4,5,1,0,0,2,0,0,2,13,0,1,0,0,1
Nick Mears,2024,COL,NL,1,0,0,0,0,0,0,0,0,0,0,0,0,0,0,0,0
Trevor Megill*,2024,MIL,NL,1,0,0,0,0,0,0,0,0,0,0,0,0,0,0,0,0
Julian Merryweather,2024,CHC,NL,1,0,0,0,0,0,0,0,0,0,0,0,0,0,0,0,0
Matt Mervis*,2024,CHC,NL,9,26,1,3,1,0,0,3,0,0,1,8,0,0,0,0,0
Owen Miller,2024,MIL,NL,14,27,2,5,1,0,0,3,0,0,0,8,0,0,0,0,1
Hoby Milner*,2024,MIL,NL,1,0,0,0,0,0,0,0,0,0,0,0,0,0,0,0,0
Kameron Misner*,2024,TBR,AL,8,15,0,1,0,0,0,0,0,0,0,10,0,0,0,0,0
Yoán Moncada#,2024,CHW,AL,12,40,4,11,3,1,0,0,1,0,5,11,0,0,0,0,2
Omar Narváez*,2024,NYM,NL,28,65,4,10,2,0,0,5,0,0,3,12,0,0,1,0,2
Carlos Narváez,2024,NYY,AL,6,13,0,3,0,0,0,0,0,0,2,6,0,0,0,0,0
Héctor Neris,2024,CHC,NL,1,0,0,0,0,0,0,0,0,0,0,0,0,0,0,0,0
Nasim Nuñez#,2024,WSN,NL,50,58,13,14,1,0,0,1,8,2,12,14,0,0,5,0,1
Jonathan Ornelas,2024,TEX,AL,18,37,1,8,2,0,0,3,0,0,2,13,0,0,1,0,0
Rafael Ortega*,2024,CHW,AL,14,14,4,1,0,0,0,1,2,0,2,4,0,0,0,1,1
Joel Payamps,2024,MIL,NL,1,0,0,0,0,0,0,0,0,0,0,0,0,0,0,0,0
Elvis Peguero,2024,MIL,NL,1,0,0,0,0,0,0,0,0,0,0,0,0,0,0,0,0
Liover Peguero,2024,PIT,NL,2,6,0,1,1,0,0,2,0,0,0,1,0,0,0,0,0
Zach Penrod*,2024,BOS,AL,1,0,0,0,0,0,0,0,0,0,0,0,0,0,0,0,0
Jhonny Pereda,2024,MIA,NL,20,39,2,9,0,0,0,4,0,0,0,10,0,1,0,0,2
Jace Peterson*,2024,ARI,NL,14,22,2,1,0,0,0,1,0,0,3,6,0,0,0,1,1
Ryan Pressly,2024,HOU,AL,2,0,0,0,0,0,0,0,0,0,0,0,0,0,0,0,0
A.J. Puk*,2024,ARI,NL,1,0,0,0,0,0,0,0,0,0,0,0,0,0,0,0,0
José Quijada*,2024,LAA,AL,1,0,0,0,0,0,0,0,0,0,0,0,0,0,0,0,0
Zach Remillard,2024,CHW,AL,15,33,3,8,1,1,0,1,1,0,5,10,0,0,1,0,1
Anthony Rendon,2024,LAA,AL,57,206,21,45,10,0,0,14,6,1,23,35,0,5,0,4,4
Pablo Reyes,2024,2TM,2LG,22,60,5,11,2,0,0,5,1,2,3,19,0,1,0,0,1
Pablo Reyes,2024,BOS,AL,21,60,4,11,2,0,0,5,1,2,3,19,0,1,0,0,1
Pablo Reyes,2024,NYM,NL,1,0,1,0,0,0,0,0,0,0,0,0,0,0,0,0,0
Edwin Ríos*,2024,CIN,NL,5,9,1,1,0,0,0,0,0,0,1,4,0,0,0,0,0
Leo Rivas#,2024,SEA,AL,42,72,10,17,1,1,0,8,3,0,10,24,0,1,2,0,1
David Robertson,2024,TEX,AL,2,0,0,0,0,0,0,0,0,0,0,0,0,0,0,0,0
Chuckie Robinson,2024,CHW,AL,26,70,2,9,0,0,0,0,0,0,5,20,0,1,0,0,1
Yerry Rodríguez,2024,TEX,AL,1,0,0,0,0,0,0,0,0,0,0,0,0,0,0,0,0
Johnathan Rodríguez,2024,CLE,AL,13,31,6,4,1,0,0,5,0,0,9,14,0,0,0,0,1
Chris Roller,2024,MIL,NL,1,1,0,0,0,0,0,0,0,0,0,1,0,0,0,0,0
JoJo Romero*,2024,STL,NL,1,0,0,0,0,0,0,0,0,0,0,0,0,0,0,0,0
Drew Romo#,2024,COL,NL,15,48,4,8,3,0,0,6,0,1,2,18,0,0,0,0,2
Blake Sabol*,2024,SFG,NL,11,32,3,10,2,0,0,1,0,0,5,9,1,1,0,0,0
César Salazar*,2024,HOU,AL,12,25,5,8,2,0,0,8,0,0,2,6,0,2,1,2,0
Alí Sánchez,2024,MIA,NL,31,84,5,14,2,0,0,4,2,1,4,24,0,1,6,1,2
Javier Sanoja,2024,MIA,NL,15,35,3,8,2,0,0,2,0,0,1,4,0,0,0,0,2
Brian Serven,2024,TOR,AL,28,63,6,10,4,0,0,3,0,0,5,22,0,2,1,0,0
Paul Sewald,2024,ARI,NL,1,0,0,0,0,0,0,0,0,0,0,0,0,0,0,0,0
Zack Short,2024,3TM,2LG,42,70,11,9,3,0,0,5,2,1,14,24,0,1,3,0,0
Zack Short,2024,2TM,NL,40,63,11,9,3,0,0,5,2,1,14,20,0,1,3,0,0
Zack Short,2024,NYM,NL,10,9,2,1,0,0,0,0,0,1,2,4,0,0,1,0,0
Zack Short,2024,BOS,AL,2,7,0,0,0,0,0,0,0,0,0,4,0,0,0,0,0
Zack Short,2024,ATL,NL,30,54,9,8,3,0,0,5,2,0,12,16,0,1,2,0,0
Chase Shugart*,2024,BOS,AL,1,0,0,0,0,0,0,0,0,0,0,0,0,0,0,0,0
Lucas Sims,2024,CIN,NL,1,0,0,0,0,0,0,0,0,0,0,0,0,0,0,0,0
Kevin Smith,2024,NYY,AL,2,0,0,0,0,0,0,0,0,0,0,0,0,0,0,0,0
Nick Sogard#,2024,BOS,AL,30,73,13,20,4,0,0,8,3,0,7,24,0,0,0,2,4
Liván Soto*,2024,2TM,2LG,13,13,1,3,1,0,0,0,0,0,3,3,0,0,0,0,0
Liván Soto*,2024,CIN,NL,1,3,0,0,0,0,0,0,0,0,0,1,0,0,0,0,0
Liván Soto*,2024,BAL,AL,12,10,1,3,1,0,0,0,0,0,3,2,0,0,0,0,0
Ryne Stanek,2024,SEA,AL,1,0,0,0,0,0,0,0,0,0,0,0,0,0,0,0,0
Michael Stefanic,2024,LAA,AL,39,108,8,23,4,0,0,8,0,0,9,20,0,3,1,0,5
Cal Stevenson*,2024,PHI,NL,18,24,2,6,3,0,0,6,0,0,3,4,0,0,0,0,1
Myles Straw,2024,CLE,AL,7,4,2,1,0,0,0,0,2,0,0,0,0,0,0,0,0
Albert Suárez,2024,BAL,AL,1,0,0,0,0,0,0,0,0,0,0,0,0,0,0,0,0
Samad Taylor,2024,SEA,AL,3,5,2,2,0,0,0,0,0,0,0,1,0,0,0,0,0
Bryce Teodosio,2024,LAA,AL,5,12,1,1,0,0,0,0,0,0,0,5,0,0,0,0,0
Bubba Thompson,2024,CIN,NL,17,18,5,2,1,0,0,0,5,0,0,11,0,0,0,0,1
Ryan Thompson,2024,ARI,NL,1,0,0,0,0,0,0,0,0,0,0,0,0,0,0,0,0
Trent Thornton,2024,SEA,AL,1,0,0,0,0,0,0,0,0,0,0,0,0,0,0,0,0
Taylor Trammell*,2024,2TM,2LG,10,7,2,1,0,0,0,0,0,0,1,3,0,0,0,0,0
Taylor Trammell*,2024,LAD,NL,5,6,0,0,0,0,0,0,0,0,0,3,0,0,0,0,0
Taylor Trammell*,2024,NYY,AL,5,1,2,1,0,0,0,0,0,0,1,0,0,0,0,0,0
Alan Trejo,2024,COL,NL,28,63,4,9,0,0,0,1,0,0,2,15,0,1,1,0,2
Chadwick Tromp,2024,ATL,NL,19,52,3,13,6,0,0,6,0,0,1,17,0,0,0,1,2
Cole Tucker#,2024,LAA,AL,24,50,3,9,4,1,0,3,3,1,6,17,0,0,0,1,0
José Ureña,2024,TEX,AL,2,0,0,0,0,0,0,0,0,0,0,0,0,0,0,0,0
Luis Vázquez,2024,CHC,NL,10,8,2,0,0,0,0,1,0,0,0,4,0,1,0,1,1
Victor Vodnik,2024,COL,NL,1,0,0,0,0,0,0,0,0,0,0,0,0,0,0,0,0
Jason Vosler*,2024,SEA,AL,10,28,2,5,1,1,0,3,0,0,2,9,0,0,0,0,0
Austin Voth,2024,SEA,AL,1,0,0,0,0,0,0,0,0,0,0,0,0,0,0,0,0
Tyler Wade*,2024,SDP,NL,89,135,28,30,3,0,0,8,8,1,11,29,0,2,4,0,0
Forrest Wall*,2024,2TM,NL,16,32,4,8,0,0,0,1,4,3,3,8,0,0,0,0,0
Forrest Wall*,2024,ATL,NL,13,29,3,7,0,0,0,1,3,3,3,6,0,0,0,0,0
Forrest Wall*,2024,MIA,NL,3,3,1,1,0,0,0,0,1,0,0,2,0,0,0,0,0
Drew Waters#,2024,KCR,AL,7,16,2,3,1,0,0,1,0,0,2,6,0,1,0,0,0
Jacob Webb,2024,BAL,AL,1,0,0,0,0,0,0,0,0,0,0,0,0,0,0,0,0
Joey Wendle*,2024,NYM,NL,18,36,3,8,1,0,0,1,1,0,1,9,0,0,0,0,0
Shay Whitcomb,2024,HOU,AL,20,41,1,9,3,0,0,5,0,0,5,8,0,0,0,0,1
Mitch White,2024,MIL,NL,1,0,0,0,0,0,0,0,0,0,0,0,0,0,0,0,0
Owen White,2024,TEX,AL,1,0,0,0,0,0,0,0,0,0,0,0,0,0,0,0,0
Joey Wiemer,2024,2TM,NL,21,26,2,4,0,0,0,0,1,1,2,9,0,0,0,0,0
Joey Wiemer,2024,MIL,NL,19,26,2,4,0,0,0,0,1,1,1,9,0,0,0,0,0
Joey Wiemer,2024,CIN,NL,2,0,0,0,0,0,0,0,0,0,1,0,0,0,0,0,0
Luke Williams,2024,ATL,NL,34,46,8,9,3,0,0,4,3,0,4,13,0,1,1,0,1
Alika Williams,2024,PIT,NL,37,87,13,18,4,2,0,5,1,0,3,22,0,1,5,0,0
Justin Wilson*,2024,CIN,NL,1,0,0,0,0,0,0,0,0,0,0,0,0,0,0,0,0
Jacob Wilson,2024,OAK,AL,28,92,11,23,2,2,0,3,0,0,8,10,0,1,1,1,4
Josh Winckowski,2024,BOS,AL,1,0,0,0,0,0,0,0,0,0,0,0,0,0,0,0,0
Austin Wynns,2024,CIN,NL,7,19,3,7,4,0,0,2,0,0,0,5,0,1,0,0,0
Eric Yang,2024,CIN,NL,1,1,0,0,0,0,0,0,0,0,0,1,0,0,0,0,0
Kirby Yates*,2024,TEX,AL,3,0,0,0,0,0,0,0,0,0,0,0,0,0,0,0,0
Alex Young*,2024,CIN,NL,1,0,0,0,0,0,0,0,0,0,0,0,0,0,0,0,0
Guillo Zuñiga,2024,LAA,AL,1,0,0,0,0,0,0,0,0,0,0,0,0,0,0,0,0
League Average,2024,,,,,,,,,,,,,,,,,,,
